Move,Type,Category,Power,Accuracy,PP,Priority,Burn,Para,Poison,Sleep,Freeze,dAtk,dDef,dSpAtk,dSpDef,dSpd,dAcc,dEva,Crit,Multiple,Recoil,Flinch,Recharge,HPRegain
Pound,Normal,Physical,40,100,56,,,,,,,,,,,,,,,,,,,
Karate Chop,Fighting,Physical,50,100,40,,,,,,,,,,,,,,1,,,,,
DoubleSlap,Normal,Physical,15,85,16,,,,,,,,,,,,,,,5,,,,
Comet Punch,Normal,Physical,18,85,24,,,,,,,,,,,,,,,5,,,,
Mega Punch,Normal,Physical,40,85,32,,,,,,,,,,,,,,,,,,,
Fire Punch,Fire,Physical,75,100,24,,10,,,,,,,,,,,,,,,,,
Ice Punch,Ice,Physical,75,100,24,,,,,,10,,,,,,,,,,,,,
Thunder Punch,Electric,Physical,75,100,24,,,10,,,,,,,,,,,,,,,,
Scratch,Normal,Physical,40,100,56,,,,,,,,,,,,,,,,,,,
Vice Grip,Normal,Physical,55,100,48,,,,,,,,,,,,,,,,,,,
Guillotine,Normal,Physical,*,*,8,,,,,,,,,,,,,,,,,,,
Razor Wind,Normal,Special,80,90,16,-7,,,,,,,,,,,,,,,,,,
Swords Dance,Normal,Status,,,32,,,,,,,"u, 2",,,,,,,,,,,,
Cut,Grass,Physical,50,95,48,,,,,,,,,,,,,,,,,,,
Gust,Flying,Special,40,100,56,,,,,,,,,,,,,,,,,,,
Wing Attack,Flying,Physical,60,100,56,,,,,,,,,,,,,,,,,,,
Fly,Flying,Physical,90,95,24,-7,,,,,,,,,,,,,,,,,,
Bind,Normal,Physical,15,85,32,,,,,,,,,,,,,,,,,,,
Slam,Normal,Physical,80,75,32,,,,,,,,,,,,,,,,,,,
Vine Whip,Grass,Physical,45,100,40,,,,,,,,,,,,,,,,,,,
Stomp,Normal,Physical,65,100,32,,,,,,,,,,,,,,,,,30,,
Double Kick,Fighting,Physical,30,100,48,,,,,,,,,,,,,,,2,,,,
Mega Kick,Normal,Physical,120,75,8,,,,,,,,,,,,,,,,,,,
Jump Kick,Fighting,Physical,100,95,16,,,,,,,,,,,,,,,,50,,,
Rolling Kick,Fighting,Physical,60,85,24,,,,,,,,,,,,,,,,,30,,
Sand Attack,Ground,Status,0,100,24,,,,,,,,,,,,"t, -1",,,,,,,
Headbutt,Normal,Physical,70,100,24,,,,,,,,,,,,,,,,,30,,
Horn Attack,Normal,Physical,65,100,40,,,,,,,,,,,,,,,,,,,
Fury Attack,Normal,Physical,15,85,32,,,,,,,,,,,,,,,5,,,,
Horn Drill,Normal,Physical,*,*,8,,,,,,,,,,,,,,,,,,,
Tackle,Normal,Physical,40,100,56,,,,,,,,,,,,,,,,,,,
Body Slam,Normal,Physical,85,100,24,,,30,,,,,,,,,,,,,,,,
Wrap,Normal,Physical,15,90,32,,,,,,,,,,,,,,,,,,,
Thrash,Normal,Physical,120,100,16,,,,,,,,,,,,,,,,10,,,
Take Down,Normal,Physical,90,85,32,,,,,,,,,,,,,,,,25,,,
Double-Edge,Normal,Physical,120,100,24,,,,,,,,,,,,,,,,25,,,
Tail Whip,Normal,Status,,100,48,,,,,,,,"t, -1",,,,,,,,,,,
Poison Sting,Poison,Physical,15,100,56,,,20,,,,,,,,,,,,,,,,
Twineedle,Bug,Physical,25,100,32,,,20,,,,,,,,,,,,2,,,,
Pin Missile,Bug,Physical,25,95,32,,,,,,,,,,,,,,,5,,,,
Leer,Normal,Status,,100,48,,,,,,,,"t, -1",,,,,,,,,,,
Bite,Dark,Physical,60,100,40,,,,,,,,,,,,,,,,,30,,
Growl,Normal,Status,,100,64,,,,,,,"t, -1",,,,,,,,,,,,
Sing,Normal,Status,,55,24,,,,,100,,,,,,,,,,,,,,
Sonic Boom,Normal,Special,*,90,32,,,,,,,,,,,,,,,,,,,
Acid,Poison,Special,40,100,48,,,,,,,,,,"t, -1, 10",,,,,,,,,
Ember,Fire,Special,40,100,40,,,,,,,,,,,,,,,,,,,
Flamethrower,Fire,Special,90,100,24,,,,,,,,,,,,,,,,,,,
Water Gun,Water,Special,40,100,40,,,,,,,,,,,,,,,,,,,
Hydro Pump,Water,Special,110,80,8,,,,,,,,,,,,,,,,,,,
Surf,Water,Special,90,100,24,,,,,,,,,,,,,,,,,,,
Ice Beam,Ice,Special,90,100,16,,,,,,10,,,,,,,,,,,,,
Blizzard,Ice,Special,110,70,8,,,,,,10,,,,,,,,,,,,,
Psybeam,Psychic,Special,65,100,32,,,,,,,,,,,,,,,,,,,
Bubble Beam,Water,Special,65,100,32,,,,,,,,,,,"t, -1, 10",,,,,,,,
Aurora Beam,Ice,Special,65,100,32,,,,,,,"t, -1, 10",,,,,,,,,,,,
Hyper Beam,Normal,Special,150,90,8,,,,,,,,,,,,,,,,,,1,
Peck,Flying,Physical,32,100,56,,,,,,,,,,,,,,,,,,,
Drill Peck,Flying,Physical,80,100,32,,,,,,,,,,,,,,,,,,,
Submission,Fighting,Physical,80,80,32,,,,,,,,,,,,,,,,25,,,
Low Kick,Fighting,Physical,50,90,32,,,,,,,,,,,,,,,,,30,,
Seismic Toss,Fighting,Physical,*,100,32,,,,,,,,,,,,,,,,,,,
Strength,Rock,Physical,80,100,24,,,,,,,,,,,,,,,,,,,
Absorb,Grass,Special,20,100,40,,,,,,,,,,,,,,,,,,,50
Mega Drain,Grass,Special,40,100,24,,,,,,,,,,,,,,,,,,,50
Growth,Normal,Status,,,32,,,,,,,"u, 1",,"u, 1",,,,,,,,,,
Razor Leaf,Grass,Physical,55,95,40,,,,,,,,,,,,,,,,,,,
Solar Beam,Grass,Special,120,85,16,-7,,,,,,,,,,,,,,,,,,
Poison Powder,Poison,Status,,75,56,,,,100,,,,,,,,,,,,,,,
Stun Spore,Grass,Status,,75,48,,,100,,,,,,,,,,,,,,,,
Sleep Powder,Grass,Status,,75,24,,,,,100,,,,,,,,,,,,,,
Petal Dance,Grass,Special,120,100,16,,,,,,,,,,,,,,,,10,,1,
String Shot,Bug,Status,,95,64,,,,,,,,,,,"t, -2",,,,,,,,
Dragon Rage,Dragon,Special,*,100,16,,,,,,,,,,,,,,,,,,,
Fire Spin,Fire,Special,35,85,24,,,,,,,,,,,,,,,5,,,,
Thunder Shock,Electric,Special,40,100,48,,,10,,,,,,,,,,,,,,,,
Thunderbolt,Electric,Special,90,100,24,,,10,,,,,,,,,,,,,,,,
Thunder Wave,Electric,Status,,90,32,,,100,,,,,,,,,,,,,,,,
Thunder,Electric,Special,110,70,16,,,30,,,,,,,,,,,,,,,,
Rock Throw,Rock,Physical,50,90,24,,,,,,,,,,,,,,,,,,,
Earthquake,Ground,Physical,100,100,16,,,,,,,,,,,,,,,,,,,
Fissure,Ground,Physical,*,*,8,,,,,,,,,,,,,,,,,,,
Dig,Ground,Physical,80,100,16,-7,,,,,,,,,,,,,,,,,,
Toxic,Poison,Status,,90,16,,,,100,,,,,,,,,,,,,,,
Confusion,Psychic,Special,50,100,40,,,,,,,,,,,,,,,,,,,
Psychic,Psychic,Special,90,100,16,,,,,,,,,,"t, -1, 10",,,,,,,,,
Hypnosis,Psychic,Special,,60,32,,,,,100,,,,,,,,,,,,,,
Meditate,Psychic,Status,,,64,,,,,,,"u, 1",,,,,,,,,,,,
Agility,Psychic,Status,,,48,,,,,,,,,,,"u, 2",,,,,,,,
Quick Attack,Normal,Physical,40,100,48,1,,,,,,,,,,,,,,,,,,
Rage,Normal,Physical,20,100,32,,,,,,,,,,,,,,,,,,,
Night Shade,Ghost,Special,*,100,24,,,,,,,,,,,,,,,,,,,
Screech,Normal,Status,,85,64,,,,,,,,"t, -2",,,,,,,,,,,
Double Team,Normal,Status,,,24,,,,,,,,,,,,,"u, 2",,,,,,
Recover,Normal,Status,,,16,,,,,,,,,,,,,,,,,,,50
Harden,Normal,Status,,,48,,,,,,,,"u, 1",,,,,,,,,,,
Minimize,Normal,Status,,,16,,,,,,,,,,,,,"u, 2",,,,,,
Smokescreen,Normal,Status,,100,32,,,,,,,,,,,,"t, -1",,,,,,,
Withdraw,Water,Status,,,64,,,,,,,,"u, 1",,,,,,,,,,,
Defense Curl,Normal,Status,,,64,,,,,,,,"u, 1",,,,,,,,,,,
Barrier,Psychic,Status,,,32,,,,,,,,"u, 2",,,,,,,,,,,
Light Screen,Psychic,Status,,,48,,,,,,,,,,"u, 1",,,,,,,,,
Haze,Ice,Status,,,48,,,,,,,*,*,*,*,*,*,,,,,,,
Reflect,Psychic,Status,,,32,,,,,,,,"u, 1",,,,,,,,,,,
Self-Destruct,Normal,Physical,400,100,8,,,,,,,,,,,,,,,,200000,,,
Egg Bomb,Normal,Physical,100,75,16,,,,,,,,,,,,,,,,,,,
Lick,Ghost,Physical,30,100,48,,,30,,,,,,,,,,,,,,,,
Smog,Poison,Special,30,70,32,,,,40,,,,,,,,,,,,,,,
Sludge,Poison,Special,65,100,32,,,,30,,,,,,,,,,,,,,,
Bone Club,Ground,Physical,65,85,32,,,,,,,,,,,,,,,,,10,,
Fire Blast,Fire,Special,110,85,8,,10,,,,,,,,,,,,,,,,,
Waterfall,Water,Physical,80,100,24,,,,,,,,,,,,,,,,,20,,
Clamp,Water,Physical,35,85,24,,,,,,,,,,,,,,,5,,,,
Swift,Normal,Special,60,,32,,,,,,,,,,,,,,,,,,,
Skull Bash,Normal,Physical,130,80,16,-7,,,,,,,"u, 1",,,,,,,,,,,
Spike Cannon,Normal,Physical,20,100,24,,,,,,,,,,,,,,,5,,,,
Constrict,Normal,Physical,10,100,56,,,,,,,,,,,"t, -1, 10",,,,,,,,
Amnesia,Psychic,Status,,,32,,,,,,,,,,"u, 2",,,,,,,,,
Kinesis,Psychic,Status,,80,24,,,,,,,,,,,,"t, -1",,,,,,,
Soft-Boiled,Normal,Status,,,16,,,,,,,,,,,,,,,,,,,50
High Jump Kick,Fighting,Physical,130,65,16,,,,,,,,,,,,,,,,,,,
Glare,Normal,Status,,100,48,,,100,,,,,,,,,,,,,,,,
Poison Gas,Poison,Status,,90,56,,,,100,,,,,,,,,,,,,,,
Barrage,Normal,Physical,15,85,32,,,,,,,,,,,,,,,5,,,,
Leech Life,Bug,Physical,80,100,16,,,,,,,,,,,,,,,,,,,50
Sky Attack,Flying,Physical,140,80,8,-7,,,,,,,,,,,,,,,,,,
Bubble,Water,Special,40,100,48,,,,,,,,,,,"t, -1, 10",,,,,,,,
Dizzy Punch,Normal,Physical,70,100,16,,,,,,,,,,,,,,,,,,,
Spore,Grass,Status,,100,24,,,,,100,,,,,,,,,,,,,,
Flash,Normal,Status,,100,32,,,,,,,,,,,,"t, -1",,,,,,,
Psywave,Psychic,Special,*,100,24,,,,,,,,,,,,,,,,,,,
Splash,Normal,Status,,,56,,,,,,,,,,,,,,,,,,,
Acid Armor,Poison,Status,,,32,,,,,,,,"u, 2",,,,,,,,,,,
Crabhammer,Water,Physical,100,90,16,,,,,,,,,,,,,,,,,,,
Explosion,Normal,Physical,500,100,8,,,,,,,,,,,,,,,,200000,,,
Fury Swipes,Normal,Physical,18,80,24,,,,,,,,,,,,,,,5,,,,
Bonemerang,Ground,Physical,50,90,16,,,,,,,,,,,,,,,,,,,
Rest,Psychic,Status,,,16,,,,,"u, 100",,,,,,,,,,,,,,100
Rock Slide,Rock,Physical,75,90,16,,,,,,,,,,,,,,,,,30,,
Hyper Fang,Normal,Physical,80,90,24,,,,,,,,,,,,,,,,,10,,
Sharpen,Normal,Status,,,48,,,,,,,"u, 1",,,,,,,,,,,,
Tri Attack,Normal,Special,80,100,16,,*,*,,,*,,,,,,,,,,,,,
Super Fang,Normal,Physical,*,90,16,,,,,,,,,,,,,,,,,,,
Slash,Normal,Physical,70,100,32,,,,,,,,,,,,,,1,,,,,
Triple Kick,Fighting,Physical,10,90,16,,,,,,,,,,,,,,,3,,,,
Flame Wheel,Fire,Physical,60,100,40,,10,,,,,,,,,,,,,,,,,
Curse,Ghost,Status,,,16,,,,,,,"u, 1","u, 1",,,"u, -1",,,,,,,,
Aeroblast,Flying,Special,100,95,8,,,,,,,,,,,,,,1,,,,,
Cotton Spore,Grass,Status,,100,64,,,,,,,,,,,"t, -2",,,,,,,,
Powder Snow,Ice,Special,40,100,40,1,,,,,10,,,,,,,,,,,,,
Protect,Normal,Special,,,16,4,,,,,,,,,,,,,,,,,,
Mach Punch,Fighting,Physical,40,100,48,1,,,,,,,,,,,,,,,,,,
Scary Face,Normal,Status,,100,16,,,,,,,,,,,"t, -2",,,,,,,,
Feint Attack,Dark,Physical,60,,32,,,,,,,,,,,,,,,,,,,
Belly Drum,Normal,Physical,,,16,,,,,,,"u, 6",,,,,,,,,50,,,
Sludge Bomb,Poison,Special,90,100,16,,,,30,,,,,,,,,,,,,,,
Mud-Slap,Ground,Special,20,100,16,,,,,,,,,,,,"t, -1",,,,,,,
Octazooka,Water,Special,65,85,16,,,,,,,,,,,,"t, -1, 50",,,,,,,
Spikes,Ground,Status,,,32,,,,,,,,,,,,,,,,,,,
Zap Cannon,Electric,Special,120,50,8,,,100,,,,,,,,,,,,,,,,
Icy Wind,Ice,Special,55,95,24,,,,,,,,,,,"t, -1",,,,,,,,
Detect,Fighting,Status,,,8,,,,,,,,,,,,,,,,,,,
Bone Rush,Ground,Physical,25,90,16,,,,,,,,,,,,,,,5,,,,
Outrage,Dragon,Physical,120,100,16,,,,,,,,,,,,,,,,10,,1,
Giga Drain,Grass,Special,75,100,16,,,,,,,,,,,,,,,,,,,50
Charm,Fairy,Status,,100,32,,,,,,,"t, -2",,,,,,,,,,,,
Milk Drink,Normal,Status,,,16,,,,,,,,,,,,,,,,,,,50
Spark,Electric,Physical,65,100,32,,,30,,,,,,,,,,,,,,,,
Steel Wing,Steel,Physical,70,90,40,,,,,,,,"u, 10",,,,,,,,,,,
Sleep Talk,Normal,,,,16,,,,,,,,,,,,,,,,,,,
Sacred Fire,Fire,Special,100,95,8,,50,,,,,,,,,,,,,,,,,
Dynamic Punch,Fighting,Physical,100,50,8,,,,,,,,,,,,,,,,,,,
Megahorn,Bug,Physical,120,85,16,,,,,,,,,,,,,,,,,,,
Dragon Breath,Dragon,Special,60,100,32,,,30,,,,,,,,,,,,,,,,
Pursuit,Dark,Physical,40,100,32,,,,,,,,,,,,,,,,,,,
Rapid Spin,Normal,Physical,20,100,64,,,,,,,,,,,,,,,,,,,
Sweet Scent,Normal,Status,,100,32,,,,,,,,,,,,,"t, -1",,,,,,
Iron Tail,Steel,Physical,100,75,24,,,,,,,,"t, -1, 30",,,,,,,,,,,
Metal Claw,Steel,Physical,50,95,56,,,,,,,"u, 1, 10",,,,,,,,,,,,
Vital Throw,Fighting,Physical,70,,16,-1,,,,,,,,,,,,,,,,,,
Morning Sun,Normal,Status,,,8,,,,,,,,,,,,,,,,,,,25
Synthesis,Grass,Status,,,8,,,,,,,,,,,,,,,,,,,25
Moonlight,Fairy,Status,,,8,,,,,,,,,,,,,,,,,,,25
Hidden Power,Normal,Special,60,100,24,,,,,,,,,,,,,,,,,,,
Hidden Power Fighting,Fighting,Special,60,100,24,,,,,,,,,,,,,,,,,,,
Hidden Power Poison,Poison,Special,60,100,24,,,,,,,,,,,,,,,,,,,
Hidden Power Flying,Flying,Special,60,100,24,,,,,,,,,,,,,,,,,,,
Hidden Power Ground,Ground,Special,60,100,24,,,,,,,,,,,,,,,,,,,
Hidden Power Rock,Rock,Special,60,100,24,,,,,,,,,,,,,,,,,,,
Hidden Power Bug,Bug,Special,60,100,24,,,,,,,,,,,,,,,,,,,
Hidden Power Ghost,Ghost,Special,60,100,24,,,,,,,,,,,,,,,,,,,
Hidden Power Steel,Steel,Special,60,100,24,,,,,,,,,,,,,,,,,,,
Hidden Power Fire,Fire,Special,60,100,24,,,,,,,,,,,,,,,,,,,
Hidden Power Water,Water,Special,60,100,24,,,,,,,,,,,,,,,,,,,
Hidden Power Grass,Grass,Special,60,100,24,,,,,,,,,,,,,,,,,,,
Hidden Power Electric,Electric,Special,60,100,24,,,,,,,,,,,,,,,,,,,
Hidden Power Psychic,Psychic,Special,60,100,24,,,,,,,,,,,,,,,,,,,
Hidden Power Ice,Ice,Special,60,100,24,,,,,,,,,,,,,,,,,,,
Hidden Power Dragon,Dragon,Special,60,100,24,,,,,,,,,,,,,,,,,,,
Hidden Power Dark,Dark,Special,60,100,24,,,,,,,,,,,,,,,,,,,
Hidden Power Fairy,Fairy,Special,60,100,24,,,,,,,,,,,,,,,,,,,
Cross Chop,Fighting,Physical,100,80,8,,,,,,,,,,,,,,,,,,,
Twister,Dragon,Special,40,100,32,,,,,,,,,,,,,,,5,,,,
Crunch,Dark,Physical,80,100,24,,,,,,,,,,,,,,,,,,,
Extreme Speed,Normal,Physical,80,100,8,2,,,,,,,,,,,,,,,,,,
Ancient Power,Rock,Special,60,100,8,,,,,,,,,,,,,,,,,,,
Shadow Ball,Ghost,Special,80,100,24,,,,,,,,,,"t, -1, 20",,,,,,,,,
Rock Smash,Fighting,Physical,40,100,24,,,,,,,,"t, -1, 50",,,,,,,,,,,
Whirlpool,Water,Special,35,85,24,,,,,,,,,,,,,,,5,,,,
Fake Out,Normal,Physical,40,100,16,3,,,,,,,,,,,,,,,,100,,
Uproar,Normal,Special,90,100,16,,,,,,,,,,,,,,,,,,,
Stockpile,Normal,Status,,,32,,,,,,,,"u, 1",,"u, 1",,,,,,,,,
Heat Wave,Fire,Special,95,90,16,,10,,,,,,,,,,,,,,,,,
Will-O-Wisp,Fire,Status,,85,24,,100,,,,,,,,,,,,,,,,,
Façade,Normal,Physical,70,100,32,,,,,,,,,,,,,,,,,,,
Focus Punch,Fighting,Physical,150,100,32,,,,,,,,,,,,,,,,,,,
Smelling Salts,Normal,Physical,70,100,16,,,,,,,,,,,,,,,,,,,
Charge,Electric,Status,,,32,,,,,,,,,,"u, 1",,,,,,,,,
Superpower,Fighting,Physical,120,100,8,,,,,,,"u, -1","u, -1",,,,,,,,,,,
Revenge,Fighting,Physical,60,100,16,,,,,,,,,,,,,,,,,,,
Brick Break,Fighting,Physical,75,100,24,,,,,,,,,,,,,,,,,,,
Knock Off,Dark,Physical,65,100,32,,,,,,,,,,,,,,,,,,,
Eruption,Fire,Special,,100,8,,,,,,,,,,,,,,,,,,,
Refresh,Normal,Status,,,32,,,,,,,,,,,,,,,,,,,
Dive,Water,Physical,80,100,16,-7,,,,,,,,,,,,,,,,,,
Arm Thrust,Fighting,Physical,15,100,32,,,,,,,,,,,,,,,5,,,,
Tail Glow,Bug,Special,,,32,,,,,,,,,"u, 3",,,,,,,,,,
Luster Purge,Psychic,Special,70,100,8,,,,,,,,,,"t, -1, 50",,,,,,,,,
Mist Ball,Psychic,Special,70,100,8,,,,,,,,,"t, -1, 50",,,,,,,,,,
Feather Dance,Flying,Status,,100,24,,,,,,,"t, -2",,,,,,,,,,,,
Blaze Kick,Fire,Physical,85,90,16,,10,,,,,,,,,,,,1,,,,,
Ice Ball,Ice,Physical,30,90,32,,,,,,,,,,,,,,,,,,,
Needle Arm,Grass,Physical,60,100,24,,,,,,,,,,,,,,,,,30,,
Slack Off,Normal,Status,,,16,,,,,,,,,,,,,,,,,,,50
Hyper Voice,Normal,Special,90,100,16,,,,,,,,,,,,,,,,,,,
Poison Fang,Poison,Physical,50,100,24,,,,"t, 50",,,,,,,,,,,,,,,
Crush Claw,Normal,Physical,75,95,16,,,,,,,,"t, 50",,,,,,,,,,,
Blast Burn,Fire,Special,150,90,8,,,,,,,,,,,,,,,,,,1,
Hydro Cannon,Water,Special,150,90,8,,,,,,,,,,,,,,,,,,1,
Meteor Mash,Steel,Physical,90,90,16,,,,,,,"u, 10",,,,,,,,,,,,
Astonish,Ghost,Physical,30,100,24,,,,,,,,,,,,,,,,,30,,
Aromatherapy,Grass,Status,,,8,,,,,,,,,,,,,,,,,,,
Fake Tears,Dark,Status,,100,32,,,,,,,,,,"t, -2",,,,,,,,,
Air Cutter,Flying,Physical,60,95,40,,,,,,,,,,,,,,1,,,,,
Overheat,Fire,Special,130,90,8,,,,,,,,,"u, -2",,,,,,,,,,
Rock Tomb,Rock,Physical,60,95,24,,,,,,,,,,,"t, -1",,,,,,,,
Silver Wind,Bug,Special,60,100,8,,,,,,,,,,,,,,,,,,,
Metal Sound,Steel,Status,,85,64,,,,,,,,,,"t, -2",,,,,,,,,
Grass Whistle,Grass,Status,,55,24,,,,,100,,,,,,,,,,,,,,
Cosmic Power,Psychic,Status,,,32,,,,,,,,"u, 1",,"u, 1",,,,,,,,,
Water Spout,Water,Special,,100,8,,,,,,,,,,,,,,,,,,,
Signal Beam,Bug,Special,75,100,24,,,,,,,,,,,,,,,,,,,
Shadow Punch,Ghost,Physical,60,,32,,,,,,,,,,,,,,,,,,,
Extrasensory,Psychic,Special,80,100,32,,,,,,,,,,,,,,,,,10,,
Sky Uppercut,Fighting,Physical,85,90,24,,,,,,,,,,,,,,,,,,,
Sand Tomb,Ground,Physical,35,85,24,,,,,,,,,,,,,,,5,,,,
Sheer Cold,Ice,Special,*,*,8,,,,,,,,,,,,,,,,,,,
Muddy Water,Water,Special,90,85,16,,,,,,,,,,,,"t, -1, 35",,,,,,,
Bullet Seed,Grass,Physical,25,100,48,,,,,,,,,,,,,,,5,,,,
Aerial Ace,Flying,Physical,60,,32,,,,,,,,,,,,,,,,,,,
Icicle Spear,Ice,Physical,25,100,48,,,,,,,,,,,,,,,5,,,,
Iron Defense,Steel,Status,,,24,,,,,,,,"u, 2",,,,,,,,,,,
Howl,Normal,Status,,,64,,,,,,,"u, 1",,,,,,,,,,,,
Dragon Claw,Dragon,Physical,80,100,24,,,,,,,,,,,,,,,,,,,
Frenzy Plant,Grass,Special,150,90,8,,,,,,,,,,,,,,,,,,1,
Bulk Up,Fighting,Status,,,32,,,,,,,"u, 1","u, 1",,,,,,,,,,,
Bounce,Flying,Physical,85,85,8,-7,,30,,,,,,,,,,,,,,,,
Mud Shot,Ground,Special,55,95,24,,,,,,,,,,,"t, -1",,,,,,,,
Poison Tail,Poison,Physical,50,100,40,,,,10,,,,,,,,,,1,,,,,
Covet,Normal,Physical,60,100,40,,,,,,,,,,,,,,,,,,,
Volt Tackle,Electric,Physical,120,100,24,,,,,,,,,,,,,,,,33,,,
Magical Leaf,Grass,Status,60,,32,,,,,,,,,,,,,,,,,,,
Calm Mind,Psychic,Status,,,32,,,,,,,,,"u, 1","u, 1",,,,,,,,,
Leaf Blade,Grass,Physical,90,100,24,,,,,,,,,,,,,,1,,,,,
Dragon Dance,Dragon,Status,,,32,,,,,,,"u, 1",,,,"u, 1",,,,,,,,
Rock Blast,Rock,Physical,25,90,16,,,,,,,,,,,,,,,5,,,,
Shock Wave,Electric,Special,60,,32,,,,,,,,,,,,,,,,,,,
Water Pulse,Water,Special,60,100,32,,,,,,,,,,,,,,,,,,,
Psycho Boost,Psychic,Special,140,90,8,,,,,,,,,"u, -2",,,,,,,,,,
Roost,Flying,Physical,,,16,,,,,,,,,,,,,,,,,,,50
Wake-Up Slap,Fighting,Physical,70,100,16,,,,,,,,,,,,,,,,,,,
Hammer Arm,Fighting,Physical,100,90,16,,,,,,,,,,,"u, -1",,,,,,,,
Brine,Water,Special,65,100,16,,,,,,,,,,,,,,,,,,,
Feint,Normal,Physical,30,100,16,,,,,,,,,,,,,,,,,,,
Pluck,Flying,Physical,60,100,32,,,,,,,,,,,,,,,,,,,
Tailwind,Flying,Status,,,24,,,,,,,,,,,"u, 1",,,,,,,,
Acupressure,Normal,Status,,,48,,,,,,,,,,,,,,,,,,,
U-turn,Bug,Physical,70,100,32,,,,,,,,,,,,,,,,,,,
Close Combat,Fighting,Physical,120,100,8,,,,,,,,"u, -1",,"u, -1",,,,,,,,,
Payback,Dark,Physical,50,100,16,,,,,,,,,,,,,,,,,,,
Assurance,Dark,Physical,60,100,16,,,,,,,,,,,,,,,,,,,
Aqua Ring,Water,Status,,,32,,,,,,,,,,,,,,,,,,,0.06
Flare Blitz,Fire,Physical,120,100,24,,10,,,,,,,,,,,,,,33,,,
Force Palm,Fighting,Physical,60,100,16,,,3,,,,,,,,,,,,,,,,
Aura Sphere,Fighting,Special,80,,32,,,,,,,,,,,,,,,,,,,
Rock Polish,Rock,Status,,,32,,,,,,,,,,,"u, 2",,,,,,,,
Poison Jab,Poison,Physical,80,100,32,,,,30,,,,,,,,,,,,,,,
Dark Pulse,Dark,Special,80,100,24,,,,,,,,,,,,,,,,,20,,
Night Slash,Dark,Physical,70,100,24,,,,,,,,,,,,,,1,,,,,
Aqua Tail,Water,Physical,90,90,16,,,,,,,,,,,,,,,,,,,
Seed Bomb,Grass,Physical,80,100,24,,,,,,,,,,,,,,,,,,,
Air Slash,Air,Special,75,95,24,,,,,,,,,,,,,,,,,30,,
X-Scissor,Bug,Physical,80,100,24,,,,,,,,,,,,,,,,,,,
Bug Buzz,Bug,Special,90,100,16,,,,,,,,,,"t, -1, 10",,,,,,,,,
Dragon Pulse,Dragon,Special,85,100,16,,,,,,,,,,,,,,,,,,,
Dragon Rush,Dragon,Physical,100,75,16,,,,,,,,,,,,,,,,,20,,
Power Gem,Rock,Special,80,100,32,,,,,,,,,,,,,,,,,,,
Drain Punch,Fighting,Physical,75,100,16,,,,,,,,,,,,,,,,,,,50
Vacuum Wave,Fighting,Special,40,100,48,1,,,,,,,,,,,,,,,,,,
Focus Blast,Fighting,Special,120,70,8,,,,,,,,,,"t, -1, 10",,,,,,,,,
Energy Ball,Grass,Special,90,100,16,,,,,,,,,,"t, -1, 10",,,,,,,,,
Brave Bird,Flying,Physical,120,100,24,,,,,,,,,,,,,,,,33,,,
Earth Power,Ground,Special,90,100,16,,,,,,,,,,"t, -1, 10",,,,,,,,,
Giga Impact,Normal,Physical,150,90,8,,,,,,,,,,,,,,,,,,1,
Nasty Plot,Dark,Status,,,32,,,,,,,,,"u, 2",,,,,,,,,,
Bullet Punch,Steel,Physical,40,100,48,1,,,,,,,,,,,,,,,,,,
Avalanche,Ice,Physical,60,100,16,,,,,,,,,,,,,,,,,,,
Ice Shard,Ice,Physical,40,100,48,1,,,,,,,,,,,,,,,,,,
Shadow Claw,Ghost,Physical,70,100,24,,,,,,,,,,,,,,1,,,,,
Thunder Fang,Electric,Physical,65,95,24,,,10,,,,,,,,,,,,,,10,,
Ice Fang,Ice,Physical,65,95,24,,,,,,10,,,,,,,,,,,10,,
Fire Fang,Fire,Physical,65,95,24,,10,,,,,,,,,,,,,,,10,,
Shadow Sneak,Ghost,Physical,40,100,48,1,,,,,,,,,,,,,,,,,,
Mud Bomb,Ground,Special,65,85,16,,,,,,,,,,,,"t, -1, 30",,,,,,,
Psycho Cut,Psychic,Physical,70,100,32,,,,,,,,,,,,,,1,,,,,
Zen Headbutt,Psychic,Physical,80,90,24,,,,,,,,,,,,,,,,,20,,
Mirror Shot,Steel,Special,65,85,16,,,,,,,,,,,,"t, -1, 30",,,,,,,
Flash Cannon,Steel,Special,80,100,16,,,,,,,,,,"t, -1, 10",,,,,,,,,
Rock Climb,Normal,Physical,90,85,32,,,,,,,,,,,,,,,,,,,
Defog,Flying,Status,,,24,,,,,,,,,,,,,"t, -1",,,,,,
Draco Meteor,Dragon,Special,130,90,8,,,,,,,,,"u, -2",,,,,,,,,,
Discharge,Electric,Special,80,100,24,,,30,,,,,,,,,,,,,,,,
Lava Plume,Fire,Special,80,100,24,,30,,,,,,,,,,,,,,,,,
Leaf Storm,Grass,Special,130,90,8,,,,,,,,,"u, -2",,,,,,,,,,
Power Whip,Grass,Physical,120,85,16,,,,,,,,,,,,,,,,,,,
Rock Wrecker,Rock,Physical,150,90,8,,,,,,,,,,,,,,,,,,1,
Cross Poison,Poison,Physical,70,100,32,,,,10,,,,,,,,,,1,,,,,
Gunk Shot,Poison,Physical,120,80,8,,,,30,,,,,,,,,,,,,,,
Iron Head,Steel,Physical,80,100,24,,,,,,,,,,,,,,,,,30,,
Magnet Bomb,Steel,Physical,60,,32,,,,,,,,,,,,,,,,,,,
Stone Edge,Rock,Physical,100,80,8,,,,,,,,,,,,,,1,,,,,
Captivate,Normal,Status,,100,32,,,,,,,,,"t, -2",,,,,,,,,,
Chatter,Flying,Special,65,100,32,,,,,,,,,,,,,,,,,,,
Judgment,Normal,Special,100,100,16,,,,,,,,,,,,,,,,,,,
Bug Bite,Bug,Physical,60,100,32,,,,,,,,,,,,,,,,,,,
Charge Beam,Electric,Special,50,90,16,,,,,,,,,"u, 1, 70",,,,,,,,,,
Wood Hammer,Grass,Physical,120,100,24,,,,,,,,,,,,,,,,33,,,
Aqua Jet,Water,Physical,40,100,32,1,,,,,,,,,,,,,,,,,,
Attack Order,Bug,Physical,90,100,24,,,,,,,,,,,,,,1,,,,,
Defend Order,Bug,Status,,,16,,,,,,,,"u, 1",,"u, 1",,,,,,,,,
Heal Order,Bug,Status,,,16,,,,,,,,,,,,,,,,,,,50
Head Smash,Rock,Physical,150,80,8,,,,,,,,,,,,,,,,50,,,
Double Hit,Normal,Physical,35,90,16,,,,,,,,,,,,,,,2,,,,
Roar of Time,Dragon,Special,150,90,8,,,,,,,,,,,,,,,,,,1,
Spacial Rend,Dragon,Special,100,95,8,,,,,,,,,,,,,,1,,,,,
Magma Storm,Fire,Special,100,75,8,,,,,,,,,,,,,,,,,,,
Dark Void,Dark,Status,,50,16,,,,,100,,,,,,,,,,,,,,
Seed Flare,Grass,Special,120,85,8,,,,,,,,,,"t, -2, 40",,,,,,,,,
Ominous Wind,Ghost,Special,60,100,8,,,,,,,,,,,,,,,,,,,
Shadow Force,Ghost,Physical,120,100,8,-7,,,,,,,,,,,,,,,,,,
Hone Claws,Dark,Status,,,24,,,,,,,"u, 1",,,,,"u, 1",,,,,,,
Psyshock,Psychic,Special,80,100,16,,,,,,,,,,,,,,,,,,,
Venoshock,Poison,Special,65,100,,,,,,,,,,,,,,,,,,,,
Autotomize,Steel,Status,65,100,24,,,,,,,,,,,"u, 2",,,,,,,,
Smack Down,Rock,Physical,50,100,24,,,,,,,,,,,,,,,,,,,
Storm Throw,Fighting,Physical,60,100,16,,,,,,,,,,,,,,,,,,,
Flame Burst,Fire,Special,70,100,24,,,,,,,,,,,,,,,,,,,
Sludge Wave,Poison,Special,95,100,16,,,,10,,,,,,,,,,,,,,,
Quiver Dance,Bug,Status,,,32,,,,,,,,,"u, 1","u, 1","u, 1",,,,,,,,
Flame Charge,Fire,Physical,50,100,32,,,,,,,,,,,"u, 1",,,,,,,,
Coil,Poison,Status,,,32,,,,,,,"u, 1","u, 1",,,,"u, 1",,,,,,,
Low Sweep,Fighting,Physical,65,100,32,,,,,,,,,,,"t, -1",,,,,,,,
Acid Spray,Poison,Special,40,100,32,,,,,,,,,,"t, -2",,,,,,,,,
Round,Normal,Special,60,100,24,,,,,,,,,,,,,,,,,,,
Echoed Voice,Normal,Special,40,100,24,,,,,,,,,,,,,,,,,,,
Chip Away,Normal,Physical,70,100,32,,,,,,,,,,,,,,,,,,,
Clear Smog,Poison,Special,50,,24,,,,,,,,,,,,,,,,,,,
Scald,Water,Special,80,100,24,,30,,,,,,,,,,,,,,,,,
Shell Smash,Normal,Status,,,24,,,,,,,"u, 2","u, -1","u, 2","u, -1","u, 2",,,,,,,,
Hex,Ghost,Special,65,100,16,,,,,,,,,,,,,,,,,,,
Sky Drop,Flying,Physical,60,100,16,1,,,,,,,,,,,,,,,,,,
Shift Gear,Steel,Status,,,16,,,,,,,"u, 1",,,,"u, 2",,,,,,,,
Circle Throw,Fighting,Physical,60,90,16,,,,,,,,,,,,,,,,,,,
Incinerate,Fire,Special,60,100,24,,,,,,,,,,,,,,,,,,,
Acrobatics,Flying,Physical,55,100,24,,,,,,,,,,,,,,,,,,,
Retaliate,Normal,Physical,70,100,8,,,,,,,,,,,,,,,,,,,
Inferno,Fire,Special,100,50,8,,100,,,,,,,,,,,,,,,,,
Water Pledge,Water,Special,80,100,16,,,,,,,,,,,,,,,,,,,
Fire Pledge,Fire,Special,80,100,16,,,,,,,,,,,,,,,,,,,
Grass Pledge,Grass,Special,80,100,16,,,,,,,,,,,,,,,,,,,
Volt Switch,Electric,Special,70,100,32,,,,,,,,,,,,,,,,,,,
Struggle Bug,Bug,Special,50,100,32,,,,,,,,,"t, -1",,,,,,,,,,
Bulldoze,Ground,Physical,60,100,32,,,,,,,,,,,"t, -1",,,,,,,,
Frost Breath,Ice,Special,60,90,16,,,,,,,,,,,,,,,,,,,
Dragon Tail,Dragon,Physical,60,90,16,,,,,,,,,,,,,,,,,,,
Work Up,Normal,Status,,,48,,,,,,,"u, 1",,"u, 1",,,,,,,,,,
Electroweb,Electric,Special,55,95,24,,,,,,,,,,,"t, -1",,,,,,,,
Wild Charge,Electric,Physical,90,100,32,,,,,,,,,,,,,,,,25,,,
Drill Run,Ground,Physical,80,95,16,,,,,,,,,,,,,,1,,,,,
Dual Chop,Dragon,Physical,40,90,32,,,,,,,,,,,,,,,2,,,,
Horn Leech,Grass,Physical,75,100,16,,,,,,,,,,,,,,,,,,,50
Sacred Sword,Fighting,Physical,90,100,24,,,,,,,,,,,,,,,,,,,
Razor Shell,Water,Physical,75,95,16,,,,,,,,"t, -1, 50",,,,,,,,,,,
Leaf Tornado,Grass,Special,65,90,16,,,,,,,,,,,,"t, -1, 50",,,,,,,
Steamroller,Bug,Physical,65,100,32,,,,,,,,,,,,,,,,,30,,
Cotton Guard,Grass,Status,,,16,,,,,,,,"u, 3",,,,,,,,,,,
Night Daze,Dark,Special,85,95,16,,,,,,,,,,,,"t, -1, 40",,,,,,,
Psystrike,Psychic,Special,100,100,16,,,,,,,,,,,,,,,,,,,
Tail Slap,Normal,Physical,25,85,16,,,,,,,,,,,,,,,5,,,,
Hurricane,Flying,Special,110,70,16,,,,,,,,,,,,,,,,,,,
Head Charge,Normal,Physical,120,100,24,,,,,,,,,,,,,,,,25,,,
Gear Grind,Steel,Physical,50,85,24,,,,,,,,,,,,,,,2,,,,
Searing Shot,Fire,Special,100,100,8,,30,,,,,,,,,,,,,,,,,
Techno Blast,Normal,Special,120,100,8,,,,,,,,,,,,,,,,,,,
Relic Song,Normal,Special,75,100,16,,,,,10,,,,,,,,,,,,,,
Secret Sword,Fighting,Special,85,100,16,,,,,,,,,,,,,,,,,,,
Glaciate,Ice,Special,65,95,16,,,,,,,,,,,"t, -1",,,,,,,,
Bolt Strike,Electric,Physical,130,85,8,,,20,,,,,,,,,,,,,,,,
Blue Flare,Fire,Special,130,85,8,,20,,,,,,,,,,,,,,,,,
Fiery Dance,Fire,Special,80,100,16,,,,,,,,,"u, 1, 50",,,,,,,,,,
Freeze Shock,Ice,Physical,140,90,8,,,30,,,,,,,,,,,,,,,,
Ice Burn,Ice,Special,140,90,8,,30,,,,,,,,,,,,,,,,,
Snarl,Dark,Special,55,95,24,,,,,,,,,"t, -1",,,,,,,,,,
Icicle Crash,Ice,Physical,85,90,16,,,,,,,,,,,,,,,,,30,,
V-create,Fire,Physical,180,95,8,,,,,,,,"u, -1",,"u, -1","u, -1",,,,,,,,
Fusion Flare,Fire,Special,100,100,8,,,,,,,,,,,,,,,,,,,
Fusion Bolt,Electric,Special,100,100,8,,,,,,,,,,,,,,,,,,,
Flying Press,Fighting,Physical,100,95,16,,,,,,,,,,,,,,,,,,,
Sticky Web,Bug,Status,,,32,,,,,,,,,,,"t, -1",,,,,,,,
Fell Stinger,Bug,Physical,50,100,40,,,,,,,,,,,,,,,,,,,
Phantom Force,Ghost,Physical,90,100,16,-7,,,,,,,,,,,,,,,,,,
Noble Roar,Normal,Status,,,48,,,,,,,"t, -1",,"t, -1",,,,,,,,,,
Parabolic Charge,Electric,Special,65,100,32,,,,,,,,,,,,,,,,,,,50
Petal Blizzard,Grass,Physical,90,100,24,,,,,,,,,,,,,,,,,,,
Freeze-Dry,Ice,Special,70,100,32,,,,,,10,,,,,,,,,,,,,
Disarming Voice,Fairy,Special,40,,24,,,,,,,,,,,,,,,,,,,
Draining Kiss,Fairy,Special,50,100,16,,,,,,,,,,,,,,,,,,,75
Play Rough,Fairy,Physical,90,90,16,,,,,,,"t, -1, 10",,,,,,,,,,,,
Fairy Wind,Fairy,Special,40,100,48,,,,,,,,,,,,,,,,,,,
Moonblast,Fairy,Special,95,100,24,,,,,,,,,"t, -1, 30",,,,,,,,,,
Boomburst,Normal,Special,140,100,16,,,,,,,,,,,,,,,,,,,
King's Shield,Steel,Status,,,,,,,,,,,,,,,,,,,,,,
Play Nice,Normal,Status,,,32,,,,,,,"t, -1",,,,,,,,,,,,
Confide,Normal,Status,,,32,,,,,,,,,"t, -1",,,,,,,,,,
Diamond Storm,Rock,Physical,100,95,8,,,,,,,,"u, 1, 50",,,,,,,,,,,
Steam Eruption,Water,Special,110,95,8,,30,,,,,,,,,,,,,,,,,
Hyperspace Hole,Psychic,Special,80,,8,,,,,,,,,,,,,,,,,,,
Water Shuriken,Water,Special,15,100,32,,,,,,,,,,,,,,,5,,,,
Mystical Fire,Fire,Special,75,100,16,,,,,,,,,"t, -1",,,,,,,,,,
Eerie Impulse,Electric,Status,,100,24,,,,,,,,,"t, -2",,,,,,,,,,
Geomancy,Fairy,Status,,,16,,,,,,,,,"u, 2","u, 2","u, 2",,,,,,,,
Dazzling Gleam,Fairy,Special,80,100,16,,,,,,,,,,,,,,,,,,,
Baby-Doll Eyes,Fairy,Status,,100,,1,,,,,,"t, -1",,,,,,,,,,,,
Nuzzle,Electric,Physical,20,100,32,,,100,,,,,,,,,,,,,,,,
Infestation,Bug,Special,20,100,32,,,,,,,,,,,,,,,,,,,
Power-Up Punch,Fighting,Physical,40,100,32,,,,,,,"u, 1",,,,,,,,,,,,
Oblivion Wing,Flying,Special,80,100,16,,,,,,,,,,,,,,,,,,,75
Thousand Arrows,Ground,Physical,90,100,16,,,,,,,,,,,,,,,,,,,
Thousand Waves,Ground,Physical,90,100,16,,,,,,,,,,,,,,,,,,,
Land's Wrath,Ground,Physical,90,100,16,,,,,,,,,,,,,,,,,,,
Light of Ruin,Fairy,Special,140,90,8,,,,,,,,,,,,,,,,50,,,
Origin Pulse,Water,Special,110,85,16,,,,,,,,,,,,,,,,,,,
Precipice Blades,Ground,Physical,120,85,16,,,,,,,,,,,,,,,,,,,
Dragon Ascent,Flying,Physical,120,100,8,,,,,,,,"u, -1",,"u, -1",,,,,,,,,
Hyperspace Fury,Dark,Physical,100,,8,,,,,,,,"u, -1",,,,,,,,,,,
First Impression,Bug,Physical,90,100,16,2,,,,,,,,,,,,,,,,,,
Baneful Bunker,Poison,Status,,,16,,,,,,,,,,,,,,,,,,,
Spirit Shackle,Ghost,Physical,80,100,16,,,,,,,,,,,,,,,,,,,
Darkest Lariat,Dark,Physical,85,100,16,,,,,,,,,,,,,,,,,,,
Sparkling Aria,Water,Special,90,100,16,,,,,,,,,,,,,,,,,,,
Ice Hammer,Ice,Physical,100,90,16,,,,,,,,,,,"u, -1",,,,,,,,
High Horsepower,Ground,Physical,95,95,16,,,,,,,,,,,,,,,,,,,
Solar Blade,Grass,Physical,125,100,16,-7,,,,,,,,,,,,,,,,,,
Leafage,Grass,Physical,40,100,64,,,,,,,,,,,,,,,,,,,
Toxic Thread,Poison,Status,,,24,,,,100,,,,,,,"t, -1",,,,,,,,
Throat Chop,Dark,Physical,80,100,24,,,,,,,,,,,,,,,,,,,
Pollen Puff,Bug,Special,90,100,24,,,,,,,,,,,,,,,,,,,
Anchor Shot,Steel,Physical,80,100,32,,,,,,,,,,,,,,,,,,,
Lunge,Bug,Physical,80,100,24,,,,,,,"t, -1",,,,,,,,,,,,
Fire Lash,Fire,Physical,80,100,24,,,,,,,,"t, -1",,,,,,,,,,,
Smart Strike,Steel,Physical,70,,16,,,,,,,,,,,,,,,,,,,
Revelation Dance,Normal,Special,90,100,24,,,,,,,,,,,,,,,,,,,
Core Enforcer,Dragon,Special,100,100,16,,,,,,,,,,,,,,,,,,,
Trop Kick,Grass,Physical,70,100,24,,,,,,,"t, -1",,,,,,,,,,,,
Clanging Scales,Dragon,Special,110,100,8,,,,,,,,"u, -1",,,,,,,,,,,
Dragon Hammer,Dragon,Physical,90,100,24,,,,,,,,,,,,,,,,,,,
Brutal Swing,Dark,Physical,60,100,32,,,,,,,,,,,,,,,,,,,
Aurora Veil,Ice,Status,,,32,,,,,,,,"u, 1",,"u, 1",,,,,,,,,
Fleur Cannon,Fairy,Special,130,90,8,,,,,,,,,"u, -2",,,,,,,,,,
Psychic Fangs,Psychic,Physical,85,100,16,,,,,,,,,,,,,,,,,,,
Stomping Tantrum,Ground,Physical,75,100,16,,,,,,,,,,,,,,,,,,,
Shadow Bone,Ghost,Physical,85,100,16,,,,,,,,"t, -1, 20",,,,,,,,,,,
Accelerock,Rock,Physical,40,100,32,1,,,,,,,,,,,,,,,,,,
Liquidation,Water,Physical,85,100,16,,,,,,,,"t, -1, 20",,,,,,,,,,,
Prismatic Laser,Psychic,Special,160,100,16,,,,,,,,,,,,,,,,,,1,
Spectral Thief,Ghost,Physical,90,100,16,,,,,,,,,,,,,,,,,,,
Sunsteel Strike,Steel,Physical,100,100,8,,,,,,,,,,,,,,,,,,,
Moongeist Beam,Ghost,Special,100,100,8,,,,,,,,,,,,,,,,,,,
Tearful Look,Normal,Status,,,32,,,,,,,"t, -1",,"t, -1",,,,,,,,,,
Zing Zap,Electric,Physical,80,100,16,,,,,,,,,,,,,,,,,30,,
Nature's Madness,Fairy,Physical,*,90,16,,,,,,,,,,,,,,,,,,,
Multi-Attack,Normal,Physical,90,100,16,,,,,,,,,,,,,,,,,,,
Mind Blown,Fire,Special,150,100,8,,,,,,,,,,,,,,,,,,,50
Plasma Fists,Electric,Physical,100,100,24,,,,,,,,,,,,,,,,,,,
Photon Geyser,Psychic,Special,100,100,8,,,,,,,,,,,,,,,,,,,
