Name,Type 1,Type 2,HP,Attack,Defense,Sp. Atk,Sp. Def,Speed,Overall,Frames (F),Frames (B),Movepool
Bulbasaur,Grass,Poison,45,49,49,65,65,45,318,41,45,"Tackle, Growl, Vine Whip, Poison Powder, Sleep Powder, Take Down, Razor Leaf, Growth, Double-Edge, Synthesis, Seed Bomb, Work Up, Toxic, Venoshock, Hidden Power, Light Screen, Protect, Solar Beam, Sludge Bomb, Façade, Rest, Round, Echoed Voice, Energy Ball, Swords Dance, Swagger, Sleep Talk, Confide, Amnesia, Charm, Curse, Giga Drain, Grass Whistle, Ingrain, Leaf Storm, Magical Leaf, Petal Dance, Power Whip, Skull Bash, Sludge, Bind, Grass Pledge, Knock Off, Snore"
Ivysaur,Grass,Poison,60,62,63,80,80,60,405,49,53,"Tackle, Growl, Vine Whip, Poison Powder, Sleep Powder, Take Down, Razor Leaf, Growth, Double-Edge, Synthesis, Solar Beam, Work Up, Toxic, Venoshock, Hidden Power, Light Screen, Protect, Return, Sludge Bomb, Façade, Rest, Round, Echoed Voice, Energy Ball, Swords Dance, Swagger, Sleep Talk, Confide, Amnesia, Charm, Curse, Giga Drain, Grass Whistle, Ingrain, Leaf Storm, Magical Leaf, Petal Dance, Power Whip, Skull Bash, Sludge, Bind, Grass Pledge, Knock Off, Seed Bomb"
Venusaur,Grass,Poison,80,82,83,100,100,80,525,59,63,"Petal Dance, Tackle, Growl, Vine Whip, Poison Powder, Sleep Powder, Take Down, Razor Leaf, Sweet Scent, Growth, Double-Edge, Synthesis, Petal Blizzard, Solar Beam, Work Up, Toxic, Venoshock, Hidden Power, Hyper Beam, Light Screen, Protect, Solar Beam, Earthquake, Return, Sludge Bomb, Façade, Rest, Round, Echoed Voice, Energy Ball, Giga Impact, Swords Dance, Bulldoze, Sleep Talk, Confide, Amnesia, Charm, Curse, Giga Drain, Grass Whistle, Ingrain, Leaf Storm, Magical Leaf, Petal Dance, Power Whip, Skull Bash, Sludge, Seed Bomb, Bind, Frenzy Plant, Grass Pledge, Knock Off, Outrage, Snore, Stomping Tantrum"
Charmander,Fire,,39,52,43,60,50,65,309,34,38,"Scratch, Growl, Ember, Smokescreen, Dragon Rage, Scary Face, Fire Fang, Flame Burst, Slash, Flamethrower, Fire Spin, Inferno, Work Up, Dragon Claw, Toxic, Hidden Power, Protect, Brick Break, Flamethrower, Fire Blast, Rock Tomb, Aerial Ace, Facade, Flame Charge, Rest, Round, Echoed Voice, Overheat, Will-O-Wisp, Shadow Claw, Swords Dance, Rock Slide, Sleep Talk, Confide, Air Cutter, Ancient Power, Belly Drum, Bite, Crunch, Dragon Dance, Dragon Pulse, Dragon Rush, Flare Blitz, Focus Punch, Metal Claw, Outrage, Dragon Pulse, Fire Pledge, Fire Punch, Focus Punch, Heat Wave, Iron Tail, Snore, Thunder Punch"
Charmeleon,Fire,,58,64,58,90,65,80,415,59,63,"Scratch, Growl, Ember, Smokescreen, Dragon Rage, Scary Face, Fire Fang, Flame Burst, Slash, Flamethrower, Fire Spin, Inferno, Work Up, Dragon Claw, Toxic, Hidden Power, Protect, Brick Break, Flamethrower, Fire Blast, Rock Tomb, Aerial Ace, Facade, Flame Charge, Rest, Round, Echoed Voice, Overheat, Will-O-Wisp, Shadow Claw, Swords Dance, Rock Slide, Sleep Talk, Confide, Air Cutter, Ancient Power, Belly Drum, Bite, Crunch, Dragon Dance, Dragon Pulse, Dragon Rush, Flare Blitz, Focus Punch, Metal Claw, Outrage, Dragon Pulse, Fire Pledge, Fire Punch, Focus Punch, Heat Wave, Iron Tail, Snore, Thunder Punch"
Charizard,Fire,Flying,78,84,78,109,85,100,534,47,51,"Wing Attack, Heat Wave, Dragon Claw, Shadow Claw, Air Slash, Scratch, Growl, Ember, Smokescreen, Dragon Rage, Scary Face, Fire Fang, Flame Burst, Slash, Flamethrower, Fire Spin, Inferno, Work Up, Toxic, Hidden Power, Hyper Beam, Protect, Roost, Solar Beam, Earthquake, Brick Break, Flamethrower, Fire Blast, Rock Tomb, Aerial Ace, Facade, Flame Charge, Rest, Round, Echoed Voice, Overheat, Steel Wing, Focus Blast, Sky Drop, Brutal Swing, Will-O-Wisp, Shadow Claw, Giga Impact, Swords Dance, Fly, Bulldoze, Rock Slide, Dragon Tail, Sleep Talk, Confide, Air Cutter, Ancient Power, Belly Drum, Bite, Crunch, Dragon Dance, Dragon Pulse, Dragon Rush, Flare Blitz, Focus Punch, Metal Claw, Outrage, Blast Burn, Fire Pledge, Fire Punch, Focus Punch, Heat Wave, Iron Tail, Snore, Tailwind, Thunder Punch"
Squirtle,Water,,44,48,65,50,64,43,314,29,33,"Tackle, Tail Whip, Water Gun, Withdraw, Bubble, Bite, Rapid Spin, Protect, Water Pulse, Aqua Tail, Skull Bash, Iron Defense, Hydro Pump, Work Up, Toxic, Hidden Power, Ice Beam, Blizzard, Protect, Brick Break, Rock Tomb, Façade, Rest, Round, Scald, Sleep Talk, Surf, Waterfall, Confide, Aqua Jet, Aqua Ring, Aura Sphere, Brine, Dragon Pulse, Fake Out, Flail, Muddy Water, Refresh, Water Spout, Dragon Pulse, Focus Punch, Ice Punch, Icy Wind, Iron Defense, Iron Tail, Snore, Water Pledge, Zen Headbutt"
Wartortle,Water,,59,63,80,65,80,58,405,31,35,"Tackle, Tail Whip, Water Gun, Withdraw, Bubble, Bite, Rapid Spin, Protect, Water Pulse, Aqua Tail, Skull Bash, Iron Defense, Hydro Pump, Work Up, Toxic, Hidden Power, Ice Beam, Blizzard, Protect, Brick Break, Rock Tomb, Façade, Rest, Round, Scald, Sleep Talk, Surf, Waterfall, Confide, Aqua Jet, Aqua Ring, Aura Sphere, Brine, Dragon Pulse, Fake Out, Flail, Haze, Muddy Water, Refresh, Water Spout, Dragon Pulse, Focus Punch, Ice Punch, Icy Wind, Iron Defense, Iron Tail, Snore, Water Pledge, Zen Headbutt"
Blastoise,Water,,79,83,100,85,105,78,530,79,83,"Flash Cannon, Tackle, Tail Whip, Water Gun, Withdraw, Bubble, Bite, Rapid Spin, Protect, Water Pulse, Aqua Tail, Skull Bash, Iron Defense, Hydro Pump, Work Up, Toxic, Hidden Power, Ice Beam, Blizzard, Hyper Beam, Protect, Smack Down, Earthquake, Brick Break, Rock Tomb, Façade, Rest, Round, Focus Blast, Scald, Giga Impact, Bulldoze, Rock Slide, Dragon Tail, Sleep Talk, Surf, Dark Pulse, Waterfall, Confide, Aqua Jet, Aqua Ring, Aura Sphere, Brine, Dragon Pulse, Fake Out, Flail, Haze, Muddy Water, Refresh, Water Spout, Dragon Pulse, Focus Punch, Hydro Cannon, Ice Punch, Icy Wind, Iron Defense, Iron Tail, Liquidation, Outrage, Signal Beam, Snore, Water Pledge, Zen Headbutt"
Caterpie,Bug,,45,30,35,20,20,45,195,49,53,"Tackle, String Shot, Bug Bite, Electroweb, Snore"
Metapod,Bug,,50,20,55,25,25,30,205,60,63,"Harden, Bug Bite, Electroweb, Iron Defense, Tackle, String Shot, Bug Bite, Snore"
Butterfree,Bug,Flying,60,45,50,80,80,70,385,63,67,"Gust, Confusion, Poison Powder, Stun Spore, Sleep Powder, Psybeam, Silver Wind, Bug Buzz, Rage Powder, Captivate, Tailwind, Air Slash, Quiver Dance, Toxic, Venoshock, Hidden Power, Hyper Beam, Protect, Roost, Solar Beam, Psychic, Shadow Ball, Double Team, Aerial Ace, Facade, Rest, Round, Energy Ball, Acrobatics, Giga Impact, Psych Up, Infestation, Sleep Talk, U-turn, Confide"
Weedle,Bug,Poison,40,35,30,20,20,50,195,59,63,"Poison Sting, String Shot, Bug Bite, Electroweb"
Kakuna,Bug,Poison,45,25,50,25,25,35,205,74,78,"Poison Sting, String Shot, Bug Bite, Electroweb, Iron Defense, Harden"
Beedrill,Bug,Poison,65,90,40,45,80,75,395,120,123,"Twineedle, Fury Attack, Rage, Pursuit, Venoshock, Assurance, Toxic Spikes, Pin Missile, Poison Jab, Agility, Endeavor, Fell Stinger, Toxic, Venoshock, Hidden Power, Hyper Beam, Protect, Roost, Solar Beam, Brick Break, Double Team, Sludge Bomb, Aerial Ace, Facade, Rest, Round, Brutal Swing, Acrobatics, Payback, Giga Impact, Swords Dance, X-Scissor, Infestation, Poison Jab, Sleep Talk, U-turn, Confide, Bug Bite, Poison Sting, String Shot, Harden, Iron Defense, Drill Run, Electroweb, Giga Drain, Knock Off, Snore, Tailwind, Throat Chop"
Pidgey,Normal,Flying,40,45,40,35,35,56,251,24,27,"Tackle, Sand Attack, Gust, Quick Attack, Twister, Feather Dance, Agility, Wing Attack, Roost, Tailwind, Air Slash, Hurricane, Work Up, Toxic, Hidden Power, Protect, Roost, Double Team, Aerial Ace, Façade, Rest, Round, Fly, Sleep Talk, U-turn, Confide, Air Cutter, Brave Bird, Feint Attack, Pursuit, Steel Wing, Uproar, Heat Wave, Sky Attack, Snore"
Pidgeotto,Normal,Flying,63,60,55,50,50,71,349,20,23,"Tackle, Sand Attack, Gust, Quick Attack, Twister, Feather Dance, Agility, Wing Attack, Roost, Tailwind, Air Slash, Hurricane, Work Up, Toxic, Hidden Power, Protect, Roost, Double Team, Aerial Ace, Façade, Rest, Round, Fly, Sleep Talk, U-turn, Confide, Air Cutter, Brave Bird, Feint Attack, Pursuit, Steel Wing, Uproar, Heat Wave, Sky Attack, Snore"
Pidgeot,Normal,Flying,83,80,75,70,70,101,479,53,57,"Hurricane, Tackle, Sand Attack, Gust, Quick Attack, Twister, Feather Dance, Agility, Wing Attack, Roost, Tailwind, Air Slash, Work Up, Toxic, Hidden Power, Hyper Beam, Protect, Roost, Double Team, Aerial Ace, Façade, Rest, Round, Steel Wing, Giga Impact, Fly, Sleep Talk, U-turn, Confide, Air Cutter, Brave Bird, Feint Attack, Pursuit, Uproar, Heat Wave, Sky Attack, Snore"
Rattata,Normal,,30,56,35,25,35,72,253,25,25,"Tackle, Tail Whip, Quick Attack, Bite, Pursuit, Hyper Fang, Assurance, Crunch, Super Fang, Double-Edge, Endeavor, Work Up, Toxic, Hidden Power, Ice Beam, Blizzard, Protect, Thunderbolt, Thunder, Shadow Ball, Double Team, Façade, Rest, Round, Charge Beam, Thunder Wave, Sleep Talk, U-turn, Wild Charge, Confide, Flame Wheel, Fury Swipes, Revenge, Screech, Uproar, Covet, Icy Wind, Iron Tail, Shock Wave, Snore, Zen Headbutt"
Raticate,Normal,,55,81,60,50,70,97,413,61,61,"Swords Dance, Tackle, Tail Whip, Quick Attack, Scary Face, Bite, Pursuit, Hyper Fang, Assurance, Crunch, Super Fang, Double-Edge, Endeavor, Work Up, Toxic, Hidden Power, Ice Beam, Blizzard, Hyper Beam, Protect, Thunderbolt, Thunder, Shadow Ball, Double Team, Facade, Rest, Round, Charge Beam, Giga Impact, Thunder Wave, Sleep Talk, U-turn, Wild Charge, Confide"
Spearow,Normal,Flying,40,60,30,31,31,70,262,24,23,"Peck, Growl, Leer, Pursuit, Fury Attack, Aerial Ace, Mirror Move, Assurance, Agility, Roost, Drill Peck, Work Up, Toxic, Hidden Power, Protect, Double Team, Facade, Rest, Round, Echoed Voice, Steel Wing, Fly, Sleep Talk, U-turn, Confide, Astonish, Feather Dance, Feint Attack, Quick Attack, Razor Wind, Scary Face, Sky Attack, Steel Wing, Tri Attack, Uproar, Drill Run, Heat Wave, Snore, Tailwind"
Fearow,Normal,Flying,65,90,65,61,61,100,442,25,25,"Drill Run, Pluck, Peck, Growl, Leer, Pursuit, Fury Attack, Aerial Ace, Assurance, Agility, Roost, Drill Peck, Work Up, Toxic, Hidden Power, Hyper Beam, Protect, Roost, Double Team, Facade, Rest, Round, Echoed Voice, Steel Wing, False Swipe, Giga Impact, Fly, Swagger, Sleep Talk, U-turn, Substitute, Confide, Astonish, Feather Dance, Feint Attack, Quick Attack, Razor Wind, Scary Face, Sky Attack, Steel Wing, Tri Attack, Uproar, Whirlwind, Defog, Drill Run, Heat Wave, Sky Attack, Snore, Tailwind, Throat Chop"
Ekans,Poison,,35,60,44,40,54,55,288,48,47,"Wrap, Leer, Poison Sting, Bite, Glare, Screech, Acid, Stockpile, Swallow, Spit Up, Acid Spray, Mud Bomb, Gastro Acid, Haze, Coil, Gunk Shot,  Toxic, Venoshock, Hidden Power, Protect, Earthquake, Double Team, Sludge Wave, Sludge Bomb, Rock Tomb, Facade, Rest, Round, Brutal Swing, Payback, Bulldoze, Rock Slide, Infestation, Poison Jab, Sleep Talk, Dark Pulse, Confide, Iron Tail, Poison Fang, Poison Tail, Pursuit, Scary Face, Slam, Aqua Tail, Bind, Giga Drain, Seed Bomb, Snore"
Arbok,Poison,,60,95,69,65,79,80,448,80,83,"Crunch, Ice Fang, Thunder Fang, Fire Fang, Wrap, Leer, Poison Sting, Bite, Glare, Screech, Acid, Stockpile, Swallow, Spit Up, Acid Spray, Mud Bomb, Gastro Acid, Haze, Coil, Gunk Shot, Toxic, Venoshock, Hidden Power, Hyper Beam, Protect, Earthquake, Double Team, Sludge Wave, Sludge Bomb, Rock Tomb, Facade, Rest, Round, Brutal Swing, Payback, Giga Impact, Bulldoze, Rock Slide, Dragon Tail, Infestation, Poison Jab, Sleep Talk, Dark Pulse, Confide, Iron Tail, Poison Fang, Poison Tail, Pursuit, Scary Face, Slam, Aqua Tail, Bind, Giga Drain, Seed Bomb, Snore, Stomping Tantrum, Throat Chop"
Pikachu,Electric,,35,55,40,50,50,90,320,33,35,"Tail Whip, Thunder Shock, Growl, Play Nice, Quick Attack, Thunder Wave, Feint, Double Team, Spark, Nuzzle, Discharge, Slam, Thunderbolt, Agility, Wild Charge, Light Screen, Thunder, Toxic, Hidden Power, Protect, Brick Break, Facade, Rest, Round, Echoed Voice, Charge Beam, Volt Switch, Sleep Talk, Confide, Bide, Charge, Disarming Voice, Double Slap, Fake Out, Flail, Thunder Punch, Tickle, Volt Tackle, Covet, Electroweb, Focus Punch, Iron Tail, Knock Off, Shock Wave, Signal Beam, Snore"
Raichu,Electric,,60,90,55,90,80,110,485,29,33,"Thunder Shock, Tail Whip, Quick Attack, Thunderbolt, Toxic, Hidden Power, Hyper Beam, Light Screen, Protect, Thunder, Brick Break, Double Team, Facade, Rest, Round, Echoed Voice, Focus Blast, Charge Beam, Giga Impact, Volt Switch, Thunder Wave, Sleep Talk, Wild Charge, Confide, Bestow, Bide, Charge, Disarming Voice, Double Slap, Fake Out, Flail, Thunder Punch, Tickle, Volt Tackle, Covet, Electroweb, Focus Punch, Iron Tail, Knock Off, Shock Wave, Signal Beam, Snore"
Sandshrew,Ground,,50,75,85,20,30,40,300,30,29,"Scratch, Defense Curl, Sand Attack, Poison Sting, Rollout, Rapid Spin, Fury Cutter, Swift, Fury Swipes, Sand Tomb, Slash, Dig, Swords Dance, Earthquake, Toxic, Hidden Power, Protect, Brick Break, Double Team, Rock Tomb, Aerial Ace, Facade, Rest, Round, Shadow Claw, Bulldoze, Rock Slide, X-Scissor, Poison Jab, Sleep Talk, Confide, Chip Away, Crush Claw, Flail, Hone Claws, Metal Claw, Mud Shot, Night Slash, Rock Climb, Covet, Earth Power, Focus Punch, Iron Tail, Knock Off, Snore, Stealth Rock, Stomping Tantrum, Super Fang"
Sandslash,Ground,,75,100,110,45,55,65,450,48,51,"Crush Claw, Scratch, Defense Curl, Sand Attack, Poison Sting, Rollout, Rapid Spin, Fury Cutter, Swift, Fury Swipes, Sand Tomb, Slash, Dig, Swords Dance, Earthquake, Toxic, Hidden Power, Hyper Beam, Protect, Brick Break, Double Team, Rock Tomb, Aerial Ace, Facade, Rest, Round, Focus Blast, Shadow Claw, Giga Impact, Stone Edge, Bulldoze, Rock Slide, X-Scissor, Poison Jab, Sleep Talk, Confide, Chip Away, Flail, Hone Claws, Metal Claw, Mud Shot, Night Slash, Rapid Spin, Rock Climb, Covet, Earth Power, Focus Punch, Iron Tail, Knock Off, Snore, Stealth Rock, Stomping Tantrum, Super Fang"
Nidoran-F,Poison,,55,47,52,40,40,41,275,64,67,"Growl, Scratch, Tail Whip, Double Kick, Poison Sting, Fury Swipes, Bite, Toxic Spikes, Crunch, Captivate, Poison Fang, Toxic, Venoshock, Hidden Power, Ice Beam, Blizzard, Protect, Thunderbolt, Thunder,  Double Team, Sludge Bomb, Aerial Ace, Facade, Rest, Round, Echoed Voice, Shadow Claw, Poison Jab, Sleep Talk, Confide, Charm, Chip Away, Iron Tail, Poison Tail, Pursuit, Skull Bash, Take Down, Shock Wave, Snore, Super Fang, Water Pulse"
Nidorina,Poison,,70,62,67,55,55,56,365,40,43,"Growl, Scratch, Tail Whip, Double Kick, Poison Sting, Fury Swipes, Bite, Toxic Spikes, Crunch, Captivate, Poison Fang, Toxic, Venoshock, Hidden Power, Ice Beam, Blizzard, Protect, Thunderbolt, Thunder,  Double Team, Sludge Bomb, Aerial Ace, Facade, Rest, Round, Echoed Voice, Shadow Claw, Poison Jab, Sleep Talk, Confide, Charm, Chip Away, Iron Tail, Poison Tail, Pursuit, Skull Bash, Take Down, Shock Wave, Snore, Stomping Tantrum, Super Fang, Water Pulse"
Nidoqueen,Poison,Ground,90,92,87,75,85,76,505,50,53,"Superpower, Scratch, Tail Whip, Double Kick, Poison Sting, Chip Away, Body Slam, Earth Power, Toxic, Venoshock, Hidden Power, Ice Beam, Blizzard, Hyper Beam, Protect, Smack Down, Thunderbolt, Thunder, Earthquake, Shadow Ball, Brick Break, Double Team, Sludge Wave, Flamethrower, Sludge Bomb, Fire Blast, Rock Tomb, Aerial Ace, Facade, Rest, Round, Echoed Voice, Focus Blast, Shadow Claw, Giga Impact, Stone Edge Bulldoze, Rock Slide, Dragon Tail, Poison Jab, Sleep Talk, Surf, Confide, Charm, Iron Tail, Poison Tail, Pursuit, Skull Bash, Take Down, Aqua Tail, Dragon Pulse, Drill Run, Fire Punch, Focus Punch, Ice Punch, Icy Wind, Outrage, Shock Wave, Snore, Stealth Rock, Stomping Tantrum, Super Fang, Throat Chop, Thunder Punch, Uproar, Water Pulse"
Nidoran-M,Poison,,46,57,40,40,40,50,273,50,53,"Leer, Peck, Double Kick, Poison Sting, Fury Attack, Horn Attack, Toxic Spikes, Poison Jab, Captivate, Horn Drill, Toxic, Venoshock, Hidden Power, Ice Beam, Blizzard, Protect, Thunderbolt, Thunder, Double Team, Sludge Bomb, Facade, Rest, Round, Echoed Voice, Shadow Claw, Smart Strike, Sleep Talk, Confide, Amnesia, Chip Away, Confusion, Head Smash, Iron Tail, Poison Tail, Take Down, Drill Run, Shock Wave, Snore, Super Fang, Water Pulse"
Nidorino,Poison,,61,72,57,55,55,65,365,50,53,"Leer, Peck, Double Kick, Poison Sting, Fury Attack, Horn Attack, Toxic Spikes, Poison Jab, Captivate, Horn Drill, Toxic, Venoshock, Hidden Power, Ice Beam, Blizzard, Protect, Thunderbolt, Thunder, Double Team, Sludge Bomb, Facade, Rest, Round, Echoed Voice, Shadow Claw, Smart Strike, Sleep Talk, Confide, Amnesia, Chip Away, Confusion, Head Smash, Iron Tail, Poison Tail, Take Down, Drill Run, Shock Wave, Snore, Stomping Tantrum, Super Fang, Water Pulse"
Nidoking,Poison,Ground,81,102,77,85,75,85,505,42,45,"Megahorn, Peck, Double Kick, Poison Sting, Chip Away, Thrash, Earth Power, Toxic, Venoshock, Hidden Power, Ice Beam, Blizzard, Hyper Beam, Protect, Smack Down, Thunderbolt, Thunder, Earthquake, Shadow Ball, Brick Break, Double Team, Sludge Wave, Flamethrower, Sludge Bomb, Fire Blast, Rock Tomb, Facade, Rest, Round, Echoed Voice, Focus Blast, Shadow Claw, Smart Strike, Giga Impact, Stone Edge, Bulldoze, Rock Slide, Dragon Tail, Poison Jab, Sleep Talk, Surf, Confide, Amnesia, Confusion, Head Smash, Iron Tail, Poison Tail, Take Down, Aqua Tail, Dragon Pulse, Drill Run, Fire Punch, Focus Punch, Ice Punch, Icy Wind, Outrage, Shock Wave, Snore, Stealth Rock, Stomping Tantrum, Super Fang, Superpower, Throat Chop, Thunder Punch, Uproar, Water Pulse"
Clefairy,Fairy,,70,45,48,60,65,35,323,40,39,"Disarming Voice, Pound,Growl, Sing, Double Slap, Defense Curl, Wake-Up Slap, Minimize, Stored Power, Metronome, Cosmic Power, Body Slam, Moonlight, Moonblast, Meteor Mash, Healing, Work Up, Psyshock, Calm Mind, Toxic, Hidden Power, Ice Beam, Blizzard, Light Screen, Protect, Solar Beam, Thunderbolt, Thunder, Psychic, Shadow Ball, Brick Break, Double Team, Reflect, Flamethrower, Fire Blast, Facade, Rest, Round, Echoed Voice, Charge Beam, Thunder Wave, Psych Up, Sleep Talk, Dazzling Gleam, Confide, Amnesia, Aromatherapy, Belly Drum, Fake Tears, Splash, Tickle, Bounce, Covet, Drain Punch, Endeavor, Fire Punch, Focus Punch, Hyper Voice, Ice Punch, Icy Wind, Iron Tail, Knock Off, Shock Wave, Signal Beam, Snore, Stealth Rock, Thunder Punch, Water Pulse, Zen Headbutt"
Clefable,Fairy,,95,70,73,95,90,60,483,40,43,"Disarming Voice, Sing, Double Slap, Minimize, Metronome, Work Up, Psyshock, Calm Mind, Toxic, Hidden Power, Ice Beam, Blizzard, Hyper Beam, Light Screen, Protect, Solar Beam, Thunderbolt, Thunder, Psychic, Shadow Ball, Brick Break, Double Team, Reflect, Flamethrower, Fire Blast, Facade, Rest, Round, Echoed Voice, Focus Blast, Charge Beam, Thunder Wave, Psych Up, Sleep Talk, Dazzling Gleam, Confide, Amnesia, Aromatherapy, Belly Drum, Fake Tears, Splash, Stored Power, Tickle, Bounce, Covet, Drain Punch, Endeavor, Fire Punch, Focus Punch, Hyper Voice, Ice Punch, Icy Wind, Iron Tail, Knock Off, Shock Wave, Signal Beam, Snore, Stealth Rock, Thunder Punch, Water Pulse, Zen Headbutt"
Vulpix,Fire,,38,41,40,50,65,65,299,40,39,"Ember, Tail Whip, Baby-Doll Eyes, Quick Attack, Fire Spin, Will-O-Wisp, Feint Attack, Hex, Flame Burst, Extrasensory, Flamethrower, Fire Blast, Captivate, Inferno, Toxic, Hidden Power, Protect, Double Team, Facade, Flame Charge, Rest, Round, Overheat, Energy Ball, Payback, Psych Up, Sleep Talk, Dark Pulse, Confide, Flail, Flare Blitz, Heat Wave, Howl, Hypnosis, Power Swap, Tail Slap, Covet, Iron Tail, Snore, Zen Headbutt"
Ninetales,Fire,,73,76,75,81,100,100,505,59,63,"Nasty Plot, Flamethrower, Quick Attack, Psyshock, Calm Mind, Toxic, Hidden Power, Hyper Beam, Protect, Solar Beam, Double Team, Fire Blast, Facade, Flame Charge, Rest, Round, Overheat, Energy Ball, Will-O-Wisp, Payback, Giga Impact, Psych Up, Sleep Talk, Dark Pulse, Confide, Captivate, Extrasensory, Flail, Feint Attack, Flare Blitz, Heat Wave, Hex, Howl, Hypnosis, Power Swap, Tail Slap, Covet, Iron Tail, Snore, Zen Headbutt"
Jigglypuff,Normal,Fairy,115,45,20,45,25,20,270,49,53,"Sing, Defense Curl, Pound, Play Nice, Disarming Voice, Double Slap, Rollout, Round, Stockpile, Wake-Up Slap, Rest, Body Slam, Hyper Voice, Double-Edge, Work Up, Toxic, Hidden Power, Ice Beam, Blizzard, Light Screen, Protect, Solar Beam, Thunderbolt, Thunder, Psychic, Shadow Ball, Brick Break, Double Team, Reflect, Flamethrower, Fire Blast, Facade, Rest, Round, Echoed Voice, Charge Beam, Thunder Wave, Psych Up, Sleep Talk, Wild Charge, Dazzling Gleam, Confide, Captivate, Covet, Fake Tears, Feint Attack, Bounce, Drain Punch, Endeavor, Fire Punch, Focus Punch, Ice Punch, Icy Wind, Knock Off, Shock Wave, Stealth Rock, Snore, Thunder Punch, Water Pulse, Charm, Uproar"
Wigglytuff,Normal,Fairy,140,70,45,85,50,45,435,60,59,"Double-Edge, Play Rough, Sing, Defense Curl, Double Slap, Work Up, Toxic, Hidden Power, Ice Beam, Blizzard, Hyper Beam, Light Screen, Protect, Solar Beam, Thunderbolt, Thunder, Psychic, Shadow Ball, Brick Break, Double Team, Reflect, Flamethrower, Fire Blast, Facade, Rest, Round, Echoed Voice, Focus Blast, Charge Beam, Giga Impact, Thunder Wave, Psych Up, Sleep Talk, Wild Charge, Dazzling Gleam, Confide, Captivate, Covet, Fake Tears, Feint Attack, Bounce, Drain Punch, Endeavor, Fire Punch, Focus Punch, Hyper Voice, Ice Punch, Icy Wind, Knock Off,  Shock Wave, Snore, Stealth Rock, Thunder Punch, Water Pulse"
Zubat,Poison,Flying,40,45,35,30,40,55,245,39,43,"Absorb, Astonish, Bite, Wing Attack, Air Cutter, Swift, Poison Fang, Leech Life, Haze, Venoshock, Air Slash, Quick Guard, Toxic, Hidden Power, Protect, Roost, Leech Life, Shadow Ball, Double Team, Sludge Bomb, Aerial Ace, Façade, Rest, Round, Steel Wing, Acrobatics, Payback, Fly, Sleep Talk, U-turn, Confide, Brave Bird, Curse, Defog, Feint Attack, Giga Drain, Gust, Hypnosis, Nasty Plot, Pursuit, Quick Attack, Steel Wing, Zen Headbutt, Heat Wave, Snore, Super Fang, Tailwind, Uproar"
Golbat,Poison,Flying,75,80,70,65,75,90,455,59,63,"Screech, Absorb, Astonish, Bite, Wing Attack, Air Cutter, Swift, Poison Fang, Leech Life, Haze, Venoshock, Air Slash, Quick Guard, Toxic, Hidden Power, Hyper Beam, Protect, Roost, Leech Life, Shadow Ball, Double Team, Sludge Bomb, Aerial Ace, Façade, Rest, Round, Steel Wing, Acrobatics, Payback, Giga Impact, Fly, Sleep Talk, U-turn, Confide, Brave Bird, Curse, Defog, Feint Attack, Giga Drain, Gust, Hypnosis, Nasty Plot, Pursuit, Quick Attack, Steel Wing, Heat Wave, Snore, Super Fang, Tailwind, Zen Headbutt, Uproar"
Oddish,Grass,Poison,45,50,55,75,65,30,320,50,53,"Absorb, Growth, Sweet Scent, Acid, Poison Powder, Stun Spore, Sleep Powder, Mega Drain, Moonlight, Giga Drain, Toxic, Moonblast, Petal Dance, Toxic, Venoshock, Hidden Power, Protect, Solar Beam, Double Team, Sludge Bomb, Façade, Rest, Round, Energy Ball, Swords Dance, Infestation, Sleep Talk, Dazzling Gleam, Confide, Charm, Flail, Ingrain, Razor Leaf, Synthesis, Teeter Dance, Tickle, Gastro Acid, Seed Bomb, Snore"
Gloom,Grass,Poison,60,65,70,85,75,40,395,37,41,"Absorb, Growth, Sweet Scent, Acid, Poison Powder, Stun Spore, Sleep Powder, Mega Drain, Moonlight, Giga Drain, Toxic, Moonblast, Petal Blizzard, Petal Dance, Toxic, Venoshock, Hidden Power, Protect, Solar Beam, Double Team, Sludge Bomb, Façade, Rest, Round, Energy Ball, Swords Dance, Infestation, Sleep Talk, Dazzling Gleam, Confide, Charm, Flail, Ingrain, Razor Leaf, Synthesis, Teeter Dance, Tickle, Gastro Acid, Seed Bomb, Snore, Drain Punch"
Vileplume,Grass,Poison,75,80,85,110,90,50,490,28,32,"Absorb, Growth, Sweet Scent, Acid, Poison Powder, Stun Spore, Sleep Powder, Mega Drain, Moonlight, Giga Drain, Toxic, Moonblast, Petal Blizzard, Petal Dance, Toxic, Venoshock, Hidden Power, Protect, Solar Beam, Double Team, Sludge Bomb, Façade, Rest, Round, Energy Ball, Swords Dance, Infestation, Sleep Talk, Dazzling Gleam, Confide, Charm, Flail, Ingrain, Razor Leaf, Synthesis, Teeter Dance, Tickle, Gastro Acid, Seed Bomb, Snore, Drain Punch, Aromatherapy, Hyper Beam, Giga Impact"
Paras,Bug,Grass,35,70,55,45,55,25,285,40,39,"Scratch, Stun Spore, Poison Powder, Absorb, Fury Cutter, Spore, Slash, Growth, Giga Drain, Aromatherapy, X-Scissor, Toxic, Venoshock, Hidden Power, Light Screen, Protect, Solar Beam, Leech Life, Brick Break, Double Team, Sludge Bomb, Aerial Ace, Façade, Rest, Round, Energy Ball, Swords Dance, Sleep Talk, Confide, Agility, Bug Bite, Cross Poison, Fell Stinger, Flail, Metal Claw, Psybeam, Pursuit, Screech, Sweet Scent, Knock Off, Seed Bomb, Snore, Synthesis"
Parasect,Bug,Grass,60,95,80,60,80,30,405,60,59,"Scratch, Stun Spore, Poison Powder, Absorb, Fury Cutter, Spore, Slash, Growth, Giga Drain, Aromatherapy, X-Scissor, Toxic, Venoshock, Hidden Power, Light Screen, Protect, Solar Beam, Leech Life, Brick Break, Double Team, Sludge Bomb, Aerial Ace, Façade, Rest, Round, Energy Ball, Swords Dance, Sleep Talk, Confide, Agility, Bug Bite, Cross Poison, Fell Stinger, Flail, Metal Claw, Psybeam, Pursuit, Screech, Sweet Scent, Knock Off, Seed Bomb, Snore, Synthesis, Cross Poison, Hyper Beam, Giga Impact, Throat Chop"
Venonat,Bug,Poison,60,55,50,40,55,45,305,60,59,"Tackle, Confusion, Poison Powder, Psybeam, Stun Spore, Signal Beam, Sleep Powder, Leech Life, Zen Headbutt, Poison Fang, Psychic, Toxic, Venoshock, Hidden Power, Protect, Solar Beam, Leech Life, Double Team, Sludge Bomb, Façade, Rest, Round, Infestation, Sleep Talk, Confide, Agility, Bug Bite, Giga Drain, Morning Sun, Screech, Signal Beam, Toxic Spikes, Snore, Zen Headbutt"
Venomoth,Bug,Poison,70,65,60,90,75,90,450,48,51,"Gust, Quiver Dance, Bug Buzz, Silver Wind, Tackle, Confusion, Poison Powder, Psybeam, Stun Spore, Signal Beam, Sleep Powder, Leech Life, Zen Headbutt, Poison Fang, Psychic, Toxic, Venoshock, Hyper Beam, Hidden Power, Protect, Roost, Solar Beam, Double Team, Sludge Bomb, Aerial Ace, Facade, Rest, Round, Energy Ball, Acrobatics, Giga Impact, Infestation, Sleep Talk, U-turn, Confide, Agility, Bug Bite, Giga Drain, Morning Sun, Screech, Signal Beam, Toxic Spikes, Defog, Snore, Tailwind"
Diglett,Ground,,10,55,25,35,45,95,265,40,39,"Sand Attack, Scratch, Growl, Astonish, Mud-Slap, Bulldoze, Mud Bomb, Earth Power, Dig, Slash, Earthquake, Fissure, Toxic, Hidden Power, Protect, Double Team, Sludge Bomb, Rock Tomb, Aerial Ace, Façade, Rest, Round, Echoed Voice, Shadow Claw, Bulldoze, Rock Slide, Sleep Talk, Confide, Ancient Power, Feint Attack, Headbutt, Mud Bomb, Pursuit, Screech, Uproar, Earth Power, Snore, Stealth Rock, Stomping Tantrum"
Dugtrio,Ground,,35,100,50,50,70,120,425,61,63,"Sand Tomb, Night Slash, Tri Attack, Sludge Wave, Giga Impact, Stone Edge, Earth Power, Sand Attack, Scratch, Growl, Astonish, Mud-Slap, Bulldoze, Mud Bomb, Earth Power, Dig, Slash, Earthquake, Fissure, Toxic, Hidden Power, Protect, Double Team, Sludge Bomb, Rock Tomb, Aerial Ace, Façade, Rest, Round, Echoed Voice, Shadow Claw, Bulldoze, Rock Slide, Sleep Talk, Confide, Ancient Power, Feint Attack, Headbutt, Mud Bomb, Pursuit, Screech, Uproar, Earth Power, Snore, Stealth Rock, Stomping Tantrum"
Meowth,Normal,,40,45,35,40,40,90,290,42,41,"Scratch, Growl, Bite, Fake Out, Fury Swipes, Screech, Feint Attack, Slash, Nasty Plot, Assurance, Captivate, Night Slash, Feint, Work Up, Toxic, Hidden Power, Protect, Thunderbolt, Thunder, Shadow Ball, Double Team, Aerial Ace, Façade, Rest, Round, Echoed Voice, Shadow Claw, Payback, Psych Up, Sleep Talk, U-turn, Dark Pulse, Confide, Amnesia, Charm, Flail, Hypnosis, Tail Whip, Covet, Gunk Shot, Hyper Voice, Icy Wind, Iron Tail, Knock Off, Seed Bomb, Shock Wave, Snore, Throat Chop, Uproar, Water Pulse"
Persian,Normal,,65,70,60,65,65,115,440,50,53,"Swift, Play Rough, Power Gem, Hyper Beam, Giga Impact, Icy Wind, Scratch, Growl, Bite, Fake Out, Fury Swipes, Screech, Feint Attack, Slash, Nasty Plot, Assurance, Captivate, Night Slash, Feint, Work Up, Toxic, Hidden Power, Protect, Thunderbolt, Thunder, Shadow Ball, Double Team, Aerial Ace, Façade, Rest, Round, Echoed Voice, Shadow Claw, Payback, Psych Up, Sleep Talk, U-turn, Dark Pulse, Confide, Amnesia, Charm, Flail, Hypnosis, Tail Whip, Covet, Gunk Shot, Hyper Voice, Icy Wind, Iron Tail, Knock Off, Seed Bomb, Shock Wave, Snore, Throat Chop, Uproar, Water Pulse"
Psyduck,Water,,50,52,48,65,50,55,320,49,53,"Scratch, Tail Whip, Water Gun, Confusion, Fury Swipes, Water Pulse, Screech, Zen Headbutt, Aqua Tail, Psych Up, Amnesia, Hydro Pump, Psyshock, Calm Mind, Toxic, Hidden Power, Ice Beam, Blizzard, Light Screen, Protect, Psychic, Brick Break, Double Team, Aerial Ace, Facade, Round, Scald, Shadow Claw, Psych Up, Sleep Talk, Surf, Waterfall, Confide, Clear Smog, Cross Chop, Future Sight, Hypnosis, Mud Bomb, Psybeam, Refresh, Sleep Talk, Synchronoise, Focus Punch, Ice Punch, Icy Wind, Iron Tail, Signal Beam, Snore, Telekinesis, Water Pulse, Zen Headbutt"
Golduck,Water,,80,82,78,95,80,85,500,50,53,"Aqua Jet, Hyper Beam, Low Sweep, Focus Blast, Giga Impact, Liquidation, Scratch, Tail Whip, Water Gun, Confusion, Fury Swipes, Water Pulse, Screech, Zen Headbutt, Aqua Tail, Psych Up, Amnesia, Hydro Pump, Psyshock, Calm Mind, Toxic, Hidden Power, Ice Beam, Blizzard, Light Screen, Protect, Psychic, Brick Break, Double Team, Aerial Ace, Facade, Round, Scald, Shadow Claw, Psych Up, Sleep Talk, Surf, Waterfall, Confide, Clear Smog, Cross Chop, Future Sight, Hypnosis, Mud Bomb, Psybeam, Refresh, Sleep Talk, Synchronoise, Focus Punch, Ice Punch, Icy Wind, Iron Tail, Signal Beam, Snore, Telekinesis, Water Pulse, Zen Headbutt"
Mankey,Fighting,,40,80,65,65,45,70,365,28,27,"Covet, Scratch, Leer, Fury Swipes, Karate Chop, Pursuit, Seismic Toss, Cross Chop, Assurance, Thrash, Low Sweep, Close Combat, Screech, Stomping Tantrum, Outrage, Work Up, Toxic, Bulk Up, Hidden Power, Protect, Smack Down, Thunderbolt, Thunder, Earthquake, Brick Break, Double Team, Rock Tomb, Aerial Ace, Facade, Rest, Low Sweep, Round, Overheat, Focus Blast, Acrobatics, Payback, Bulldoze, Rock Slide, Poison Jab, Sleep Talk, U-turn, Confide, Focus Punch, Meditate, Night Slash, Power Trip, Revenge, Sleep Talk, Smelling Salts, Dual Chop, Endeavor, Fire Punch, Gunk Shot, Ice Punch, Iron Tail, Outrage, Seed Bomb, Snore, Thunder Punch, Uproar"
Primeape,Fighting,,65,105,60,60,70,95,455,40,39,"Rage, Hyper Beam, Giga Impact, Stone Edge, Throat Chop, Covet, Scratch, Leer, Fury Swipes, Low Sweep, Karate Chop, Pursuit, Seismic Toss, Cross Chop, Assurance, Thrash, Close Combat, Screech, Stomping Tantrum, Outrage, Work Up, Toxic, Bulk Up, Hidden Power, Protect, Smack Down, Thunderbolt, Thunder, Earthquake, Brick Break, Double Team, Rock Tomb, Aerial Ace, Facade, Rest, Low Sweep, Round, Overheat, Focus Blast, Acrobatics, Payback, Bulldoze, Rock Slide, Poison Jab, Sleep Talk, U-turn, Confide, Focus Punch, Meditate, Night Slash, Power Trip, Revenge, Sleep Talk, Smelling Salts, Dual Chop, Endeavor, Fire Punch, Gunk Shot, Ice Punch, Iron Tail, Outrage, Seed Bomb, Snore, Thunder Punch, Uproar"
Growlithe,Fire,,55,70,45,70,50,60,350,24,23,"Agility, Body Slam, Close Combat, Crunch, Double-Edge, Façade, Fire Blast, Fire Fang, Flame Charge, Flamethrower, Flare Blitz, Heat Wave, Hidden Power, Morning Sun, Outrage, Overheat, Protect, Reflect, Rest, Sleep Talk, Toxic, Wild Charge, Will-O-Wisp, Aerial Ace, Bite, Burn Up, Captivate, Charm, Confide, Covet, Curse, Dig, Double Kick, Double Team, Dragon Breath, Dragon Rage, Ember, Endure, Fire Spin, Flame Burst, Flame Wheel, Headbutt, Howl, Incinerate, Iron Tail, Leer, Mud-Slap, Rage, Retaliate, Rock Smash, Round, Skull Bash, Snarl, Snore, Strength, Swift, Take Down, Thief, Thrash"
Arcanine,Fire,,90,110,80,100,80,95,555,52,51,"Agility, Body Slam, Close Combat, Crunch, Double-Edge, Façade, Fire Blast, Fire Fang, Flame Charge, Flamethrower, Flare Blitz, Heat Wave, Hidden Power, Morning Sun, Outrage, Overheat, Protect, Reflect, Rest, Sleep Talk, Toxic, Wild Charge, Will-O-Wisp, Aerial Ace, Bite, Burn Up, Captivate, Charm, Confide, Covet, Curse, Dig, Double Kick, Double Team, Dragon Breath, Dragon Rage, Ember, Endure, Fire Spin, Flame Burst, Flame Wheel, Headbutt, Howl, Incinerate, Iron Tail, Leer, Mud-Slap, Rage, Retaliate, Rock Smash, Round, Skull Bash, Snarl, Snore, Strength, Swift, Take Down, Thief, Thrash, Dragon Pulse, Extreme Speed, Giga Impact, Hyper Beam, Thunder Fang"
Poliwag,Water,,40,50,40,40,40,90,300,45,48,"Body Slam, Double-Edge, Endeavor, Façade, Haze, Hidden Power, Hydro Pump, Ice Beam, Protect, Psychic, Refresh, Rest, Scald, Sleep Talk, Surf, Toxic, Waterfall, Amnesia, Belly Drum, Blizzard, Bubble, Bubble Beam, Captivate, Confide, Curse, Defense Curl, Dig, Dive, Double Slap, Double Team, Headbutt, Hypnosis, Ice Ball, Icy Wind, Mud Bomb, Mud Shot, Psywave, Rage, Round, Skull Bash, Snore, Splash, Take Down, Wake-Up Slap, Water Gun, Water Pulse, Whirlpool"
Poliwhirl,Water,,65,65,65,50,50,90,385,40,43,"Body Slam, Double-Edge, Endeavor, Façade, Haze, Hidden Power, Hydro Pump, Ice Beam, Protect, Psychic, Refresh, Rest, Scald, Sleep Talk, Surf, Toxic, Waterfall, Amnesia, Belly Drum, Blizzard, Bubble, Bubble Beam, Captivate, Confide, Curse, Defense Curl, Dig, Dive, Double Slap, Double Team, Headbutt, Hypnosis, Ice Ball, Icy Wind, Mud Bomb, Mud Shot, Psywave, Rage, Round, Skull Bash, Snore, Splash, Take Down, Wake-Up Slap, Water Gun, Water Pulse, Whirlpool, Brick Break, Detect, Earthquake, Focus Punch, Power-Up Punch, Seismic Toss, Bulldoze, Fissure, Mega Kick, Mega Punch, Rock Smash, Strength"
Poliwrath,Water,Fighting,90,95,95,70,90,70,510,37,40,"Body Slam, Double-Edge, Endeavor, Façade, Haze, Hidden Power, Hydro Pump, Ice Beam, Protect, Psychic, Refresh, Rest, Scald, Sleep Talk, Surf, Toxic, Waterfall, Amnesia, Belly Drum, Blizzard, Bubble, Bubble Beam, Captivate, Confide, Curse, Defense Curl, Dig, Dive, Double Slap, Double Team, Headbutt, Hypnosis, Ice Ball, Icy Wind, Mud Bomb, Mud Shot, Psywave, Rage, Round, Skull Bash, Snore, Splash, Take Down, Wake-Up Slap, Water Gun, Water Pulse, Whirlpool, Brick Break, Detect, Earthquake, Focus Punch, Power-Up Punch, Seismic Toss, Bulldoze, Fissure, Mega Kick, Mega Punch, Rock Smash, Strength, Circle Throw, Dual Chop, Giga Impact, Low Sweep, Payback, Throat Chop, Vacuum Wave, Work Up"
Abra,Psychic,,25,20,15,105,55,90,310,79,83,"Body Slam, Calm Mind, Dazzling Gleam, Double-Edge, Drain Punch, Encore, Energy Ball, Façade, Fire Punch, Focus Punch, Hidden Power, Ice Punch, Knock Off, Light Screen, Protect, Psychic, Psyshock, Reflect, Rest, Seismic Toss, Shadow Ball, Signal Beam, Sleep Talk, Thunder Punch, Thunder Wave, Toxic, Tri Attack, Zen Headbutt, Barrier, Captivate, Charge Beam, Confide, Curse, Double Team, Dynamic Punch, Flash, Headbutt, Iron Tail, Mega Kick, Mega Punch, Psych Up, Psywave, Rage, Round, Shock Wave, Skull Bash, Snore, Submission, Take Down, Zap Cannon"
Kadabra,Psychic,,40,35,30,120,70,105,400,51,55,"Body Slam, Calm Mind, Dazzling Gleam, Double-Edge, Drain Punch, Encore, Energy Ball, Façade, Fire Punch, Focus Punch, Hidden Power, Ice Punch, Knock Off, Light Screen, Protect, Psychic, Psyshock, Reflect, Rest, Seismic Toss, Shadow Ball, Signal Beam, Sleep Talk, Thunder Punch, Thunder Wave, Toxic, Tri Attack, Zen Headbutt, Barrier, Captivate, Charge Beam, Confide, Curse, Double Team, Dynamic Punch, Flash, Headbutt, Iron Tail, Mega Kick, Mega Punch, Psych Up, Psywave, Rage, Round, Shock Wave, Skull Bash, Snore, Submission, Take Down, Zap Cannon, Psycho Cut, Confusion, Dig, Double Team, Kinesis, Psybeam"
Alakazam,Psychic,,55,50,45,135,95,120,500,74,78,"Body Slam, Calm Mind, Dazzling Gleam, Double-Edge, Drain Punch, Encore, Energy Ball, Façade, Fire Punch, Focus Punch, Hidden Power, Ice Punch, Knock Off, Light Screen, Protect, Psychic, Psyshock, Reflect, Rest, Seismic Toss, Shadow Ball, Signal Beam, Sleep Talk, Thunder Punch, Thunder Wave, Toxic, Tri Attack, Zen Headbutt, Barrier, Captivate, Charge Beam, Confide, Curse, Double Team, Dynamic Punch, Flash, Headbutt, Iron Tail, Mega Kick, Mega Punch, Psych Up, Psywave, Rage, Round, Shock Wave, Skull Bash, Snore, Submission, Take Down, Zap Cannon, Psycho Cut, Confusion, Dig, Double Team, Kinesis, Psybeam, Giga Impact, Hyper Beam"
Machop,Fighting,,70,80,50,35,35,35,305,30,33,"Body Slam, Brick Break, Bulk Up, Bullet Punch, Close Combat, Cross Chop, Detect, Double-Edge, Earthquake, Encore, Façade, Fire Blast, Fire Punch, Flamethrower, Focus Blast, Focus Punch, Ice Punch, Knock Off, Light Screen, Poison Jab, Power-Up Punch, Protect, Rest, Rock Slide, Seismic Toss, Sleep Talk, Superpower, Thunder Punch, Toxic, Bulldoze, Captivate, Confide, Curse, Dig, Double Team, Dual Chop, Dynamic Punch, Fissure, Headbutt, Hidden Power, Incinerate, Karte Chop, Leer, Low Sweep, Meditate, Mega Kick, Mega Punch, Mud-Slap, Payback, Quick Guard, Rage, Retaliate, Revenge, Rock Climb, Rock Smash, Rock Tomb, Rolling Kick, Round, Scary Face, Skull Bash, Smack Down, Smelling Salts, Snore, Strength,h Submission, Take Down, Tickle, Vacuum Wave, Vital Throw, Wake-Up Slap, Work Up"
Machoke,Fighting,,80,100,70,50,60,45,405,32,35,"Body Slam, Brick Break, Bulk Up, Bullet Punch, Close Combat, Cross Chop, Detect, Double-Edge, Earthquake, Encore, Façade, Fire Blast, Fire Punch, Flamethrower, Focus Blast, Focus Punch, Ice Punch, Knock Off, Light Screen, Poison Jab, Power-Up Punch, Protect, Rest, Rock Slide, Seismic Toss, Sleep Talk, Superpower, Thunder Punch, Toxic, Bulldoze, Captivate, Confide, Curse, Dig, Double Team, Dual Chop, Dynamic Punch, Fissure, Headbutt, Hidden Power, Incinerate, Karte Chop, Leer, Low Sweep, Meditate, Mega Kick, Mega Punch, Mud-Slap, Payback, Quick Guard, Rage, Retaliate, Revenge, Rock Climb, Rock Smash, Rock Tomb, Rolling Kick, Round, Scary Face, Skull Bash, Smack Down, Smelling Salts, Snore, Strength,h Submission, Take Down, Tickle, Vacuum Wave, Vital Throw, Wake-Up Slap, Work Up"
Machamp,Fighting,,90,130,80,65,85,55,505,40,43,"Body Slam, Brick Break, Bulk Up, Bullet Punch, Close Combat, Cross Chop, Detect, Double-Edge, Earthquake, Encore, Façade, Fire Blast, Fire Punch, Flamethrower, Focus Blast, Focus Punch, Ice Punch, Knock Off, Light Screen, Poison Jab, Power-Up Punch, Protect, Rest, Rock Slide, Seismic Toss, Sleep Talk, Superpower, Thunder Punch, Toxic, Bulldoze, Captivate, Confide, Curse, Dig, Double Team, Dual Chop, Dynamic Punch, Fissure, Headbutt, Hidden Power, Incinerate, Karte Chop, Leer, Low Sweep, Meditate, Mega Kick, Mega Punch, Mud-Slap, Payback, Quick Guard, Rage, Retaliate, Revenge, Rock Climb, Rock Smash, Rock Tomb, Rolling Kick, Round, Scary Face, Skull Bash, Smack Down, Smelling Salts, Snore, Strength,h Submission, Take Down, Tickle, Vacuum Wave, Vital Throw, Wake-Up Slap, Work Up, Stone Edge, Giga Impact, Hyper Beam, Throat Chop"
Bellsprout,Grass,Poison,50,75,35,70,30,40,300,60,59,"Acid Spray, Bullet Seed, Clear Smog, Double-Edge, Energy Ball, Giga Drain, Hidden Power, Knock Off, Leech Life, Poison Jab, Power Whip, Protect, Reflect, Rest, Seed Bomb, Sleep Powder, Sleep Talk, Sludge Bomb, Stun Spore, Swords Dance, Synthesis, Toxic, Acid, Bind, Confide, Captivate, Curse, Cut, Double Team, Flash, Growth, Infestation, Ingrain, Magical Leaf, Mega Drain, Poison Powder, Rage, Razor Leaf, Round, Slam, Snore, Solar Beam, Sweet Scent, Take Down, Tickle, Venoshock, Vine Whip, Wrap"
Weepinbell,Grass,Poison,65,90,50,85,75,55,420,60,63,"Acid Spray, Bullet Seed, Clear Smog, Double-Edge, Energy Ball, Giga Drain, Bug Bite, Hidden Power, Knock Off, Leech Life, Poison Jab, Power Whip, Protect, Reflect, Rest, Seed Bomb, Sleep Powder, Sleep Talk, Sludge Bomb, Stun Spore, Swords Dance, Synthesis, Toxic, Acid, Bind, Confide, Captivate, Curse, Cut, Double Team, Flash, Growth, Infestation, Ingrain, Magical Leaf, Mega Drain, Poison Powder, Rage, Razor Leaf, Round, Slam, Snore, Solar Beam, Sweet Scent, Take Down, Tickle, Venoshock, Vine Whip, Wrap, Morning Sun"
Victreebel,Grass,Poison,80,105,65,100,70,70,490,60,59,"Acid Spray, Bullet Seed, Clear Smog, Double-Edge, Energy Ball, Giga Drain, Bug Bite, Hidden Power, Knock Off, Leech Life, Poison Jab, Power Whip, Protect, Reflect, Rest, Seed Bomb, Sleep Powder, Sleep Talk, Sludge Bomb, Stun Spore, Swords Dance, Synthesis, Toxic, Acid, Bind, Confide, Captivate, Curse, Cut, Double Team, Flash, Growth, Infestation, Ingrain, Magical Leaf, Mega Drain, Poison Powder, Rage, Razor Leaf, Round, Slam, Snore, Solar Beam, Sweet Scent, Take Down, Tickle, Venoshock, Vine Whip, Wrap, Morning Sun, Leaf Blade, Leaf Storm, Giga Impact, Leaf Tornado, Stockpile"
Tentacool,Water,Poison,40,40,35,50,100,70,335,60,63,"Acid Spray, Dazzling Gleam, Double-Edge, Façade, Giga Drain, Haze, Hex, Hidden Power, Hydro Pump, Ice Beam, Knock Off, Poison Jab, Protect, Rapid Spin, Reflect, Rest, Scald, Sleep Talk, Sludge Bomb, Sludge Wave, Surf, Swords Dance, Toxic, Toxic Spikes, Waterfall, Acid, Acupressure, Aqua Ring, Aurora Beam, Barrier, Bind, Blizzard, Brine, Bubble, Bubble Beam, Captivate, Confide, Constrict, Curse, Cut, Dive, Double Team, Icy Wind, Infestation, Mega Drain, Muddy Water, Payback, Poison Sting, Rage, Round, Screech, Skull Bash, Snore, Take Down, Tickle, Venoshock, Water Gun, Water Pulse, Whirlpool, Wrap"
Tentacruel,Water,Poison,80,70,65,80,120,100,515,80,79,"Acid Spray, Dazzling Gleam, Double-Edge, Façade, Giga Drain, Haze, Hex, Hidden Power, Hydro Pump, Ice Beam, Knock Off, Poison Jab, Protect, Rapid Spin, Reflect, Rest, Scald, Sleep Talk, Sludge Bomb, Sludge Wave, Surf, Swords Dance, Toxic, Toxic Spikes, Waterfall, Acid, Acupressure, Aqua Ring, Aurora Beam, Barrier, Bind, Blizzard, Brine, Bubble, Bubble Beam, Captivate, Confide, Constrict, Curse, Cut, Dive, Double Team, Icy Wind, Infestation, Mega Drain, Muddy Water, Payback, Poison Sting, Rage, Round, Screech, Skull Bash, Snore, Take Down, Tickle, Venoshock, Water Gun, Water Pulse, Whirlpool, Wrap, Giga Impact, Hyper Beam"
Geodude,Rock,Ground,40,80,100,30,30,20,300,50,51,"Autotomize, Body Slam, Brick Break, Double-Edge, Earth Power, Earthquake, Explosion, Façade, Fire Blast, Fire Punch, Flamthrower, Focus Punch, Hammer Arm, Hidden Power, Power-Up Punch, Protect, Rest, Rock Blast, Rock Polish, Rock Slide, Seismic Toss, Sleep Talk, Stealth Rock, Stone Edge, Superpower, Thunder Punch, Toxic, Ancient Power, Bulldoze, Captivate, Confide, Curse, Defense Curl, Dig, Double Team, Dynamic Punch, Fissure, Flail, Harden, Headbutt, Incinerate, Iron Defense, Mega Punch, Mud-Slap, Rage, Rock Climb, Rock Smash, Rock Throw, Rock Tomb, Rollout, Round, Self-Destruct, Smack Down, Snore, Strength, Submission, Tackle, Take Down"
Graveler,Rock,Ground,55,95,115,45,45,35,390,50,53,"Autotomize, Body Slam, Brick Break, Double-Edge, Earth Power, Earthquake, Explosion, Façade, Fire Blast, Fire Punch, Flamthrower, Focus Punch, Hammer Arm, Hidden Power, Power-Up Punch, Protect, Rest, Rock Blast, Rock Polish, Rock Slide, Seismic Toss, Sleep Talk, Stealth Rock, Stone Edge, Superpower, Thunder Punch, Toxic, Ancient Power, Bulldoze, Captivate, Confide, Curse, Defense Curl, Dig, Double Team, Dynamic Punch, Fissure, Flail, Harden, Headbutt, Incinerate, Iron Defense, Mega Punch, Mud-Slap, Rage, Rock Climb, Rock Smash, Rock Throw, Rock Tomb, Rollout, Round, Self-Destruct, Smack Down, Snore, Strength, Submission, Tackle, Take Down, Stomping Tantrum"
Golem,Rock,Ground,80,120,130,55,65,45,495,60,63,"Autotomize, Body Slam, Brick Break, Double-Edge, Earth Power, Earthquake, Explosion, Façade, Fire Blast, Fire Punch, Flamthrower, Focus Punch, Hammer Arm, Hidden Power, Power-Up Punch, Protect, Rest, Rock Blast, Rock Polish, Rock Slide, Seismic Toss, Sleep Talk, Stealth Rock, Stone Edge, Superpower, Thunder Punch, Toxic, Ancient Power, Bulldoze, Captivate, Confide, Curse, Defense Curl, Dig, Double Team, Dynamic Punch, Fissure, Flail, Harden, Headbutt, Incinerate, Iron Defense, Mega Punch, Mud-Slap, Rage, Rock Climb, Rock Smash, Rock Throw, Rock Tomb, Rollout, Round, Self-Destruct, Smack Down, Snore, Strength, Submission, Tackle, Take Down, Stomping Tantrum, Focus Blast, Fury Cutter, Giga Impact, Hyper Beam, Steamroller"
Ponyta,Fire,,50,85,55,65,65,90,410,49,50,"Agility, Body Slam, Double-Edge, Façade, Fire Blast, Flame Charge, Flamethrower, Heat Wave, Flare Blitz, Hidden Power, Morning Sun, Overheat, Protect, Quick Attack, Reflect, Rest, Sleep Talk, Toxic, Wild Charge, Will-O-Wisp, Bounce, Captivate, Charm, Confide, Curse, Double Kick, Double Team, Echoed Voice, Ember, Fire Spin, Flame Wheel, Growl, Headbutt, High Horsepower, Horn Drill, Hypnosis, Incinerate, Inferno, Iron Tail, Rag,e Round, Skull Bash, Snore, Solar Beam, Stomp, Strength, Swift, Tackle, Tail Whip, Take Down, Thrash"
Rapidash,Fire,,65,100,70,80,80,105,500,78,72,"Agility, Body Slam, Double-Edge, Façade, Fire Blast, Flame Charge, Flamethrower, Heat Wave, Flare Blitz, Hidden Power, Morning Sun, Overheat, Protect, Quick Attack, Reflect, Rest, Sleep Talk, Toxic, Wild Charge, Will-O-Wisp, Bounce, Captivate, Charm, Confide, Curse, Double Kick, Double Team, Echoed Voice, Ember, Fire Spin, Flame Wheel, Growl, Headbutt, High Horsepower, Horn Drill, Hypnosis, Incinerate, Inferno, Iron Tail, Rag,e Round, Skull Bash, Snore, Solar Beam, Stomp, Strength, Swift, Tackle, Tail Whip, Take Down, Thrash, Drill Run, Megahorn, Poison Jab, Fury Attack, Giga Impact, Hyper Beam, Smart Strike, Throat Chop"
Slowpoke,Water,Psychic,90,65,65,40,40,15,315,49,53,"Aqua Tail, Body Slam, Calm Mind, Double-Edge, Earthquake, Façade, Fire Blast, Flamethrower, Ice Beam, Light Screen, Protect, Psychic, Psyshock, Reflect, Rest, Scald, Shadow Ball, Signal Beam, Slack Off, Sleep Talk, Surf, Thunder Wave, Toxic, Tri Attack, Zen Headbutt, Amnesia, Belly Drum, Blizzard, Brine, Bubble Beam, Bulldoze, Captivate, Confide, Confusion, Curse, Dig, Dive, Double Team, Echoed Voice, Fissure, Flash, Growl, Headbutt, Hidden Power, Icy Wind, Incinerate, Iron Tail, Mud-Slap, Psych Up, Psywave, Rage, Round, Skull Bash, Snore, Stomp, Strength, Swift, Tackle, Take Down, Water Gun, Water Pulse, Whirlpool, Zap Cannon"
Slowbro,Water,Psychic,95,75,110,100,80,30,490,59,63,"Aqua Tail, Body Slam, Calm Mind, Double-Edge, Earthquake, Façade, Fire Blast, Flamethrower, Ice Beam, Light Screen, Protect, Psychic, Psyshock, Reflect, Rest, Scald, Shadow Ball, Signal Beam, Slack Off, Sleep Talk, Surf, Thunder Wave, Toxic, Tri Attack, Zen Headbutt, Amnesia, Belly Drum, Blizzard, Brine, Bubble Beam, Bulldoze, Captivate, Confide, Confusion, Curse, Dig, Dive, Double Team, Echoed Voice, Fissure, Flash, Growl, Headbutt, Hidden Power, Icy Wind, Incinerate, Iron Tail, Mud-Slap, Psych Up, Psywave, Rage, Round, Skull Bash, Snore, Stomp, Strength, Swift, Tackle, Take Down, Water Gun, Water Pulse, Whirlpool, Zap Cannon, Avalanche, Brick Break, Drain Punch, Focus Blast, Focus Punch, Ice Punch, Seismic Toss, Aerial Ace, Fury Cutter, Giga Impact, Hyper Beam, Iron Defense, Mega Kick, Mega Punch, Rock Smash, Submission, Withdraw"
Magnemite,Electric,Steel,25,35,70,98,55,45,268,34,35,"Discharge, Double-Edge, Explosion, Façade, Flash Cannon, Light Screen, Protect, Reflect, Rest, Signal Beam, Sleep Talk, Thunderbolt, Thunder Wave, Toxic, Volt Switch, Wild Charge, Charge Beam, Confide, Curse, Double Team, Electroweb, Flash, Hidden Power, Iron Defense, Magnet Bomb, Metal Sound, Psych Up, Rage, Rollout, Round, Screech, Shock Wave, Snore, Sonic Boom, Spark, Swift, Tackle, Take Down, Thunder, Thunder Shock, Zap Cannon"
Magneton,Electric,Steel,50,60,95,120,70,70,465,60,63,"Discharge, Double-Edge, Explosion, Façade, Flash Cannon, Light Screen, Protect, Reflect, Rest, Signal Beam, Sleep Talk, Thunderbolt, Thunder Wave, Toxic, Volt Switch, Wild Charge, Charge Beam, Confide, Curse, Double Team, Electroweb, Flash, Hidden Power, Iron Defense, Magnet Bomb, Metal Sound, Psych Up, Rage, Rollout, Round, Screech, Shock Wave, Snore, Sonic Boom, Spark, Swift, Tackle, Take Down, Thunder, Thunder Shock, Zap Cannon, Refresh, Tri Attack, Giga Impact, Hyper Beam"
Farfetch'd,Normal,Flying,52,90,55,58,62,60,377,51,51,"Acrobatics, Agility, Air Slash, Body Slam, Brave Bird, Defog, Detect, Double-Edge, Façade, First Impression, Heat Wave, Knock Off, Leaf Blade, Night Slash, Poison Jab, Protect, Quick Attack, Reflect, Rest, Roost, Sleep Talk, Swords Dance, Tailwind, Toxic, U-turn, Aerial Ace, Air Cutter, Brutal Swing, Captivate, Covet, Curse, Cut, Double Team, Feather Dance, Feint, Flail, Fly, Fury Attack, Fury Cutter, Gust, Headbutt, Hidden Power, Iron Tail, Leer, Mud-Slap, Ominous Wind, Peck, Pluck, Psych Up, Rage, Razor Wind, Retaliate, Revenge, Round, Sand Attack, Skull Bash, Sky Attack, Slash, Snore, Steel Wing, Swift, Take Down, Throat Chop, Twister, Uproar, Work Up"
Doduo,Normal,Flying,35,85,45,35,35,75,310,45,49,"Agility, Body Slam, Brave Bird, Double-Edge, Drill Peck, Endeavor, Façade, Haze, Jump Kick, Knock Off, Protect, Pursuit, Quick Attack, Reflect, Rest, Roost, Sleep Talk, Swords Dance, Toxic, Tri Attack, Acupressure, Aerial Ace, Air Cutter, Assurance, Attract, Captivate, Confide, Curse, Double Hit, Double Team, Echoed Voice, Feint Attack, Flail, Fly, Fury Attack, Growl, Hidden Power, Mud-Slap, Peck, Pluck, Round, Rage, Skull Bash, Sky Attack, Snore, Steel Wing, Swift, Take Down, Thrash, Uproar, Work Up"
Dodrio,Normal,Flying,60,110,70,60,60,110,470,59,63,"Agility, Body Slam, Brave Bird, Double-Edge, Drill Peck, Endeavor, Façade, Haze, Jump Kick, Knock Off, Protect, Pursuit, Quick Attack, Reflect, Rest, Roost, Sleep Talk, Swords Dance, Toxic, Tri Attack, Acupressure, Aerial Ace, Air Cutter, Assurance, Attract, Captivate, Confide, Curse, Double Hit, Double Team, Echoed Voice, Feint Attack, Flail, Fly, Fury Attack, Growl, Hidden Power, Mud-Slap, Peck, Pluck, Round, Rage, Skull Bash, Sky Attack, Snore, Steel Wing, Swift, Take Down, Thrash, Uproar, Work Up, Stomping Tantrum, Giga Impact"
Seel,Water,,65,45,55,45,70,45,325,60,59,
Dewgong,Water,Ice,90,70,80,70,95,70,475,59,59,
Grimer,Poison,,80,80,50,40,50,25,325,80,80,
Muk,Poison,,105,105,75,65,100,50,500,80,80,
Shellder,Water,,30,65,100,45,25,40,305,37,38,
Cloyster,Water,Ice,50,95,180,85,45,70,525,59,62,"Hydro Pump, Shell Smash, Toxic Spikes, Withdraw, Protect, Aurora Beam, Spike Canon, Spikes, Icicle Crash, Toxic, Hidden Power, Ice Beam, Blizzard, Hyper Beam, Protect, Double Team, Façade, Rest, Round, Explosion, Payback, Smart Strike, Giga Impact, Frost Breath, Poison Jab, Sleep Talk, Surf, Confide, Aqua Ring, Avalanche, Barrier, Bubble Beam, Icicle Spear, Mud Shot, Rapid Spin, Rock Blast, Screech, Take Down, Twineedle, Water Pulse, Icy Wind, Liquidation, Iron Defense, Signal Beam, Snore, Water Pulse, Tackle, Water Gun, Leer, Clamp, Ice Shard, Razor Shell, Whirlpool, Brine"
Gastly,Ghost,Poison,30,35,30,100,35,80,310,64,64,
Haunter,Ghost,Poison,45,50,45,115,55,95,405,59,63,
Gengar,Ghost,Poison,60,65,60,130,75,110,500,39,43,
Onix,Rock,Ground,35,45,160,30,45,70,385,61,64,
Drowzee,Psychic,,60,48,45,43,90,42,268,70,70,
Hypno,Psychic,,85,76,70,73,115,67,486,47,47,
Krabby,Water,,30,105,90,25,25,50,325,40,43,
Kingler,Water,,55,130,115,50,50,75,475,46,49,
Voltorb,Electric,,40,30,50,55,55,100,330,60,59,
Electrode,Electric,,60,50,70,80,80,150,490,90,93,
Exeggcute,Grass,Psychic,60,40,80,60,45,40,325,60,59,
Exeggutor,Grass,Psychic,95,95,85,125,75,55,530,48,51,
Cubone,Ground,,50,50,95,40,50,35,320,48,51,
Marowak,Ground,,60,80,110,50,80,45,425,42,45,
Hitmonlee,Fighting,,50,120,53,35,110,87,455,28,30,
Hitmonchan,Fighting,,50,105,79,35,110,76,455,20,23,
Lickitung,Normal,,90,55,75,60,75,30,385,23,27,
Koffing,Poison,,40,65,95,60,45,35,340,49,51,
Weezing,Poison,,65,90,120,85,70,60,490,46,80,
Rhyhorn,Ground,Rock,80,85,95,30,30,25,345,36,38,
Rhydon,Ground,Rock,105,130,120,45,45,40,485,47,50,
Chansey,Normal,,250,5,5,35,105,50,450,52,55,
Tangela,Grass,,65,55,115,100,40,60,435,56,59,
Kangaskhan,Normal,,105,95,80,40,80,90,490,70,73,
Horsea,Water,,30,40,70,70,25,60,295,60,63,
Seadra,Water,,55,65,95,95,45,85,440,60,63,
Goldeen,Water,,45,67,60,35,50,63,320,68,72,
Seaking,Water,,80,92,65,65,80,68,450,59,63,
Staryu,Water,,30,45,55,70,55,85,340,60,63,
Starmie,Water,Psychic,60,75,85,100,85,115,520,57,60,
Mr. Mime,Psychic,Fairy,40,45,65,100,120,90,460,75,79,
Scyther,Bug,Flying,70,110,80,55,80,105,500,35,63,
Jynx,Ice,Psychic,65,50,35,115,95,95,455,60,63,
Electabuzz,Electric,,65,83,57,95,85,105,490,33,39,
Magmar,Fire,,65,95,57,100,85,93,495,60,51,
Pinsir,Bug,,65,125,100,55,70,85,500,40,43,
Tauros,Normal,,75,100,95,40,70,110,490,48,51,
Magikarp,Water,,20,10,55,15,20,80,200,29,33,
Gyarados,Water,Flying,95,125,79,60,100,81,540,59,63,
Lapras,Water,Ice,130,85,50,85,95,60,505,89,93,
Eevee,Normal,,55,55,50,45,65,55,325,25,29,
Vaporeon,Water,,130,65,60,110,95,65,525,63,67,
Jolteon,Electric,,65,65,60,110,95,130,525,40,39,
Flareon,Fire,,65,130,60,95,110,65,525,29,33,
Porygon,Normal,,65,60,70,85,75,40,395,48,47,
Omanyte,Rock,Water,35,55,90,100,40,35,355,80,79,
Omastar,Rock,Water,70,60,125,115,70,55,495,80,79,
Kabuto,Rock,Water,30,80,90,55,45,55,355,33,59,
Kabutops,Rock,Water,60,115,105,65,70,80,495,36,35,
Aerodactyl,Rock,Flying,80,105,65,60,75,130,515,39,43,
Snorlax,Normal,,160,110,65,65,110,30,540,75,74,
Articuno,Ice,Flying,90,85,100,95,125,85,580,40,39,
Zapdos,Electric,Flying,90,90,85,125,90,100,580,30,33,
Moltres,Fire,Flying,90,100,90,125,85,90,580,46,50,
Dratini,Dragon,,41,64,45,50,50,50,300,48,47,
Dragonair,Dragon,,61,84,65,70,70,70,420,59,63,
Dragonite,Dragon,Flying,91,134,95,100,100,80,600,44,48,
Mew,Psychic,,106,110,90,154,90,130,680,50,49,
Mewtwo,Psychic,,100,100,100,100,100,100,600,90,93,
Chikorita,Grass,,45,49,65,49,65,45,318,48,47,
Bayleef,Grass,,60,62,80,63,80,60,405,52,51,
Meganium,Grass,,80,82,100,83,100,80,525,59,59,
Cyndaquil,Fire,,39,52,43,60,50,65,309,50,49,
Quilava,,,58,64,58,80,65,80,405,50,49,
Typhlosion,Fire,,78,84,78,109,85,100,534,60,59,
Totodile,Water,,50,65,64,44,48,43,314,26,25,
Croconaw,Water,,65,80,80,59,63,58,405,20,59,
Feraligatr,Water,,85,105,100,79,83,78,530,64,63,
Sentret,Normal,,35,46,34,35,45,20,215,,,
Furret,Normal,,85,76,64,45,55,90,415,,,
Hoothoot,Normal,Flying,60,30,30,36,56,50,262,,,
Noctowl,Normal,Flying,100,50,50,86,96,70,452,,,
Ledyba,Bug,Flying,40,20,30,40,80,55,265,,,
Ledian,Bug,Flying,55,35,50,55,110,85,390,,,
Spinarak,Bug,Poison,40,60,40,40,40,30,250,,,
Ariados,Bug,Poison,70,90,70,60,70,40,400,,,
Crobat,Poison,Flying,85,90,80,70,80,130,535,,,
Chinchou,Water,Electric,75,38,38,56,56,67,330,,,
Lanturn,Water,Electric,125,58,58,76,76,67,460,,,
Pichu,Electric,,20,40,15,35,35,60,205,,,
